Workbook
Name PICUAT: #REF!
Name SDefect: [1]Lookup!$G$1:$G$9
Name Severity: [1]Lookup!$F$1:$F$6

Sheet MAPPING MD & SKENARIO
A1: No | B1: Proses | C1: Average Testing (Hours) | D1: Buffer Waktu Testing (*30%) | G1: No | H1: Kode Skenario | I1: PIC UAT | J1: E-mail MUF
A2: 1 | B2: Web View BSI OTO | C2: 1 | D2: =C2+(C2*30%) -> 1.3 | G2: 1 | H2: BYD001 | I2: Azhar | J2: azhar.azhar@muf.co.id
A3: 2 | B3: CBAS Digital | C3: 1.5 | D3: =C3+(C3*30%) -> 1.95 | G3: 2 | H3: BYD002 | I3: Affinia | J3: affinia.by@muf.co.id
A4: 3 | B4: Email Notifikasi Submit Order | C4: 0.2 | D4: =C4+(C4*30%) -> 0.26 | G4: 3 | H4: BYD003 | I4: Kevin | J4: kevin.hardianus@muf.co.id
A5: 4 | B5: Entry Form Digital | C5: 1 | D5: =C5+(C5*30%) -> 1.3 | G5: 4 | H5: BYD004 | I5: Rasya | J5: rasya.raharjo@muf.co.id
A6: 5 | B6: Data Entry - Screening 2 | C6: 2 | D6: =C6+(C6*30%) -> 2.6 | G6: 5 | H6: BYD005 | I6: Azhar | J6: azhar.azhar@muf.co.id
A7: 6 | B7: Reguler Survey | C7: 1 | D7: =C7+(C7*30%) -> 1.3 | G7: 6 | H7: BYD006 | I7: Affinia | J7: affinia.by@muf.co.id
A8: 7 | B8: Credit Approval (CA) | C8: 2 | D8: =C8+(C8*30%) -> 2.6 | G8: 7 | H8: BYD007 | I8: Kevin | J8: kevin.hardianus@muf.co.id
A9: 8 | B9: Tele Survey | C9: 1 | D9: =C9+(C9*30%) -> 1.3 | G9: 8 | H9: BYD008 | I9: Rasya | J9: rasya.raharjo@muf.co.id
A10: 9 | B10: KYC | C10: 1 | D10: =C10+(C10*30%) -> 1.3 | G10: 9 | H10: BYD009 | I10: Azhar | J10: azhar.azhar@muf.co.id
A11: 10 | B11: PO/CL | C11: 0.5 | D11: =C11+(C11*30%) -> 0.65 | G11: 10 | H11: BYD010 | I11: Affinia | J11: affinia.by@muf.co.id
A12: 11 | B12: FDE | C12: 2 | D12: =C12+(C12*30%) -> 2.6 | G12: 11 | H12: BYD011 | I12: Kevin | J12: kevin.hardianus@muf.co.id
A13: 12 | B13: Verifikasi Data-PPD | C13: 1.5 | D13: =C13+(C13*30%) -> 1.95 | G13: 12 | H13: BYD012 | I13: Rasya | J13: rasya.raharjo@muf.co.id
... A24: 23 | B24: Parameter CBAS | C24: 0.3 | D24: =C24+(C24*30%) -> 0.39 | G24: 23 | H24: BYD023 | I24: Kevin | J24: kevin.hardianus@muf.co.id
G25: 24 | H25: BYD024 | I25: Rasya | J25: rasya.raharjo@muf.co.id
G26: 25 | H26: BYD025 | I26: Azhar | J26: azhar.azhar@muf.co.id
G27: 26 | H27: BYD026 | I27: Affinia | J27: affinia.by@muf.co.id
G28: 27 | H28: BYD027 | I28: Kevin | J28: kevin.hardianus@muf.co.id
G29: 28 | H29: BYD028 | I29: Rasya | J29: rasya.raharjo@muf.co.id
G30: 29 | H30: BYD029 | I30: Azhar | J30: azhar.azhar@muf.co.id
G31: 30 | H31: BYD030 | I31: Affinia | J31: affinia.by@muf.co.id
G32: 31 | H32: BYD031 | I32: Kevin | J32: kevin.hardianus@muf.co.id
G33: 32 | H33: BYD032 | I33: Rasya | J33: rasya.raharjo@muf.co.id
G34: 33 | H34: BYD033 | I34: Azhar | J34: azhar.azhar@muf.co.id
G35: 34 | H35: BYD034 | I35: Affinia | J35: affinia.by@muf.co.id
G36: 35 | H36: BYD035 | I36: Kevin | J36: kevin.hardianus@muf.co.id | M36: x
G37: 36 | H37: BYD036 | I37: Rasya | J37: rasya.raharjo@muf.co.id
G38: 37 | H38: BYD037 | I38: Azhar | J38: azhar.azhar@muf.co.id
G39: 38 | H39: BYD038 | I39: Affinia | J39: affinia.by@muf.co.id
G40: 39 | H40: BYD039 | I40: Kevin | J40: kevin.hardianus@muf.co.id
G41: 40 | H41: BYD040 | I41: Azhar | J41: azhar.azhar@muf.co.id
G42: 41 | H42: BYD041 | I42: Rasya | J42: rasya.raharjo@muf.co.id

Sheet MATRIX KONTRAK
A1: NEW MATRIX DATA UAT
A3: NO | B3: MATRIX DATA | C3: SOURCE ORDER | D3: TIPE ORDER | E3: TIPE NASABAH | F3: SEGMEN PEKERJAAN | G3: EVENT | H3: CUSTOMER CATEGORY | I3: STATUS PERKAWINAN | J3: JENIS KENDARAAN | K3: WILAYAH | L3: SPK? (Y/N) | M3: Hasil Screening MASS | N3: CBAS DIGITAL | O3: CBAS MASS | P3: KOLEKTIBILITAS NASABAH | S3: MAPPING RAC DBR | V3: FINAL SCREENING | W3: PROSES RTRE | Z3: TANGGAL RTRE | AA3: HASIL CBAS MASS | AC3: PROSES CANCEL/REJECT | AJ3: AUTO REJECT | AM3: VALIDASI ACCEPT OFFER
P4: DEBITUR | Q4: PASANGAN | R4: HASIL MATRIX KOL | S4: PENDAPATAN | T4: DBR | U4: RAC DBR | W4: CREDIT APPROVAL | X4: FDE | Y4: VERDAT | AA4: NEW | AB4: DEDUP | AC4: EFD | AD4: To Do List SC2 | AE4: Tele Survey | AF4: Reguler Survey | AG4: KYC | AH4: Credit Approval | AI4: PO/CL | AJ4: SC1 | AK4: SC2 | AL4: SC3 | AM4: CANCEL OFFER | AN4: EXPIRED OFFER
A5: 1 | B5: BS001 | C5: BSI BYOND | D5: WHITELIST | E5: NEW | F5: ASN | G5: TANPA EVENT | H5: BSI PAYROLL | I5: BELUM KAWIN | J5: MOBIL BARU | K5: JABODETABEK & SERANG | L5: Y | M5: REGULER SURVEY | N5: FOUND | O5: DEDUP | P5: OK | R5: OK | S5: <= 10 juta/bulan | T5: <= 40% | U5: OK | V5: OK
A6: 2 | B6: BS002 | C6: BSI BYOND | D6: WHITELIST | F6: BUMN / BUMD | G6: GAIKINDO INDONESIA INTERNATIONAL AUTO SHOW (GIIAS) | H6: BSI PRIORITAS | I6: KAWIN | J6: MOBIL BARU | K6: SUMATRA | L6: N | M6: INSTANT APPROVAL | P6: OK | Q6: OK | R6: OK | S6: > 10 juta/bulan | T6: <= 50% | U6: OK | V6: OK | W6: v | Z6: < TGL 15 | AB6: v
A7: 3 | B7: BS003 | C7: BSI BYOND | D7: WHITELIST | E7: AO | F7: Pegawai Swasta | G7: GAIKINDO JAKARTA AUTO WEEK (GJAW) | H7: ELSE | I7: BELUM KAWIN | J7: MOBIL BARU | K7: KALIMANTAN | L7: Y | M7: REGULER SURVEY | N7: DEDUP | O7: FOUND | P7: OK | R7: OK | S7: <= 10 juta/bulan | T7: <= 40% | U7: OK | V7: OK
A8: 4 | B8: BS004 | C8: BSI BYOND | D8: WHITELIST | F8: Profesional | G8: INDONESIA INTERNATIONAL MOTOR SHOW (IIMS) | H8: BSI PAYROLL | I8: KAWIN | J8: MOBIL BEKAS | K8: JABODETABEK & SERANG | L8: N | M8: INSTANT APPROVAL | P8: OK | Q8: NOT OK | R8: OK | S8: > 10 juta/bulan | T8: <= 50% | U8: OK | V8: OK
A9: 5 | B9: BS005 | C9: BSI BYOND | D9: WHITELIST | F9: Wiraswasta | G9: BSI INTERNATIONAL EXPO | H9: BSI PRIORITAS | I9: BELUM KAWIN | J9: MOBIL BEKAS | K9: SUMATRA | L9: Y | M9: REGULER SURVEY | P9: OK | R9: OK | S9: <= 10 juta/bulan | T9: <= 40% | U9: OK | V9: OK
A10: 6 | B10: BS006 | C10: BSI BYOND | D10: WHITELIST | E10: RO | F10: Dokter | G10: MUF AUTO FEST | H10: ELSE | I10: KAWIN | J10: MOBIL BEKAS | K10: KALIMANTAN | L10: N | M10: INSTANT APPROVAL | N10: NO RESPONSE | O10: FOUND | P10: OK | Q10: OK | R10: OK | S10: > 10 juta/bulan | T10: <= 50% | U10: OK | V10: ELSE | X10: v | Z10: < TGL 15 | AB10: v
A11: 7 | B11: BS007 | C11: BSI BYOND | D11: WHITELIST | F11: TNI / Polri | G11: BSI OTO SHOW | H11: BSI PAYROLL | I11: BELUM KAWIN | J11: MOTOR BARU | K11: JABODETABEK & SERANG | L11: Y | M11: REGULER SURVEY | P11: OK | R11: OK | S11: <= 10 juta/bulan | T11: <= 40% | U11: OK | V11: OK
A12: 8 | B12: BS008 | C12: BSI BYOND | D12: WHITELIST | F12: Pejabat Penyelenggara Negara | G12: CUSTOMER GATHERING | H12: BSI PRIORITAS | I12: KAWIN | J12: MOTOR BARU | K12: SUMATRA | L12: N | M12: INSTANT APPROVAL | P12: OK | Q12: NOT OK | R12: OK | S12: > 10 juta/bulan | T12: <= 50% | U12: OK | V12: OK
A13: 9 | B13: BS009 | C13: BSI BYOND | D13: WHITELIST | E13: AO | F13: Lainnya | G13: SHOW UNIT & TEST DRIVE BSI OTO | H13: ELSE | I13: BELUM KAWIN | J13: MOTOR BARU | K13: KALIMANTAN | L13: Y | M13: REGULER SURVEY | N13: DEDUP | O13: DEDUP | P13: OK | R13: OK | S13: <= 10 juta/bulan | T13: <= 40% | U13: OK | V13: OK | Y13: v | Z13: > TGL 15 | AA13: v
A14: 10 | B14: BS010 | C14: BSI BYOND | D14: WHITELIST | F14: ASN | G14: MILAD BSI | H14: BSI PAYROLL | I14: KAWIN | J14: MOBIL BARU | K14: JABODETABEK & SERANG | L14: N | M14: INSTANT APPROVAL | P14: OK | Q14: OK | R14: OK | S14: > 10 juta/bulan | T14: <= 50% | U14: OK | V14: OK
A15: 11 | B15: BS011 | C15: BSI BYOND | D15: WHITELIST | E15: NEW | F15: Pegawai Swasta | G15: BSI FEST RAMADHAN | H15: BSI PRIORITAS | I15: BELUM KAWIN | J15: MOBIL BEKAS | K15: SUMATRA | L15: Y | M15: REGULER SURVEY | N15: NO RESPONSE | O15: NO RESPONSE | P15: OK | R15: OK | S15: <= 10 juta/bulan | T15: <= 40% | U15: OK | V15: ELSE
A16: 12 | B16: BS012 | C16: BSI BYOND | D16: NON-WHITELIST | F16: BUMN / BUMD | G16: TANPA EVENT | H16: ELSE | I16: KAWIN | J16: MOBIL BARU | K16: JABODETABEK & SERANG | L16: N | M16: REGULER SURVEY | W16: v
A17: 13 | B17: BS013 | C17: BSI BYOND | D17: NON-WHITELIST | F17: ASN | G17: INDONESIA INTERNATIONAL MOTOR SHOW (IIMS) | H17: BSI PAYROLL | I17: BELUM KAWIN | J17: MOBIL BEKAS | K17: SUMATRA | L17: Y | M17: INSTANT APPROVAL
A18: 14 | B18: BS014 | C18: BSI BYOND | D18: NON-WHITELIST | F18: Pegawai Swasta | G18: BSI INTERNATIONAL EXPO | H18: BSI PRIORITAS | I18: KAWIN | J18: MOTOR BARU | K18: KALIMANTAN | L18: N | M18: REGULER SURVEY | X18: v
A19: 15 | B19: BS015 | C19: BSI BYOND | D19: NON-WHITELIST | F19: Dokter | G19: MUF AUTO FEST | H19: ELSE | I19: BELUM KAWIN | J19: MOBIL BARU | K19: JABODETABEK & SERANG | L19: Y | M19: INSTANT APPROVAL
A20: 16 | B20: BS016 | C20: BSI BYOND | D20: NON-WHITELIST | F20: Pejabat Penyelenggara Negara | G20: BSI OTO SHOW | H20: BSI PAYROLL | I20: KAWIN | J20: MOBIL BEKAS | K20: SUMATRA | L20: N | M20: REGULER SURVEY
A21: 17 | B21: BS017 | C21: BSI BYOND | D21: NON-WHITELIST | F21: TNI / Polri | G21: CUSTOMER GATHERING | H21: BSI PRIORITAS | I21: BELUM KAWIN | J21: MOTOR BARU | K21: KALIMANTAN | L21: Y | M21: INSTANT APPROVAL | Y21: v
A22: 18 | B22: BS018 | C22: BSI BYOND | D22: WHITELIST | I22: BELUM KAWIN | J22: MOBIL BARU | L22: Y | P22: NOT OK | R22: NOT OK | S22: > 10 juta/bulan | T22: <= 50% | U22: OK | V22: NOT OK
A23: 19 | B23: BS019 | C23: BSI BYOND | D23: WHITELIST | I23: KAWIN | J23: MOBIL BEKAS | L23: N | P23: NOT OK | Q23: OK | R23: NOT OK | S23: <= 10 juta/bulan | T23: <= 40% | U23: OK | V23: NOT OK
A24: 20 | B24: BS020 | C24: BSI BYOND | D24: WHITELIST | I24: BELUM KAWIN | J24: MOTOR BARU | L24: Y | P24: NOT OK | Q24: NOT OK | R24: NOT OK | S24: <= 10 juta/bulan | T24: > 40% | U24: NOT OK | V24: NOT OK
A25: 21 | B25: BS021 | C25: BSI BYOND | D25: WHITELIST | I25: KAWIN | J25: MOBIL BARU | L25: N | P25: OK | Q25: NOT OK | R25: OK | S25: <= 10 juta/bulan | T25: > 40% | U25: NOT OK | V25: NOT OK
A26: 22 | B26: BS022 | C26: BSI BYOND | D26: WHITELIST | I26: BELUM KAWIN | J26: MOBIL BEKAS | L26: Y | P26: OK | Q26: OK | R26: OK | S26: > 10 juta/bulan | T26: > 50% | U26: NOT OK | V26: NOT OK
A27: 23 | B27: BS023 | C27: BSI BYOND | D27: WHITELIST | I27: KAWIN | J27: MOTOR BARU | L27: N | P27: OK | Q27: - | R27: OK | S27: <= 10 juta/bulan | T27: > 40% | U27: NOT OK | V27: NOT OK
A28: 24 | B28: BS024 | C28: BSI BYOND | D28: WHITELIST | I28: BELUM KAWIN | J28: MOBIL BARU | L28: Y | P28: OK | Q28: - | R28: OK | S28: > 10 juta/bulan | T28: > 50% | U28: NOT OK | V28: NOT OK
A29: 25 | B29: BS025 | C29: BSI BYOND | D29: WHITELIST | I29: KAWIN | J29: MOBIL BEKAS | L29: N | AC29: v
A30: 26 | B30: BS026 | C30: BSI BYOND | D30: NON-WHITELIST | I30: BELUM KAWIN | J30: MOTOR BARU | L30: Y | AD30: v
A31: 27 | B31: BS027 | C31: BSI BYOND | D31: WHITELIST | I31: KAWIN | J31: MOBIL BARU | L31: N | AE31: v
A32: 28 | B32: BS028 | C32: BSI BYOND | D32: NON-WHITELIST | I32: BELUM KAWIN | J32: MOBIL BEKAS | L32: Y | AF32: v
A33: 29 | B33: BS029 | C33: BSI BYOND | D33: WHITELIST | I33: KAWIN | J33: MOTOR BARU | L33: N | AG33: v
A34: 30 | B34: BS030 | C34: BSI BYOND | D34: NON-WHITELIST | I34: BELUM KAWIN | J34: MOBIL BARU | L34: Y | AH34: v
A35: 31 | B35: BS031 | C35: BSI BYOND | D35: WHITELIST | I35: KAWIN | J35: MOBIL BEKAS | L35: N | AI35: v
A36: 32 | B36: BS032 | C36: BSI BYOND | D36: NON-WHITELIST | I36: BELUM KAWIN | J36: MOTOR BARU | L36: Y | AJ36: v
A37: 33 | B37: BS033 | C37: BSI BYOND | D37: WHITELIST | I37: KAWIN | J37: MOBIL BARU | L37: N | AK37: v
A38: 34 | B38: BS034 | C38: BSI BYOND | D38: NON-WHITELIST | I38: BELUM KAWIN | J38: MOBIL BEKAS | L38: Y | AL38: v
A39: 35 | B39: BS035 | C39: BSI BYOND | D39: WHITELIST | L39: N | M39: REGULER SURVEY | AM39: v
A40: 36 | B40: BS036 | C40: BSI BYOND | D40: WHITELIST | L40: Y | M40: REGULER SURVEY | AN40: v
A41: 37 | B41: BS037 | C41: BSI BYOND | D41: WHITELIST | L41: N | M41: INSTANT APPROVAL | AM41: v
A42: 38 | B42: BS038 | C42: BSI BYOND | D42: WHITELIST | L42: Y | M42: INSTANT APPROVAL | AN42: v
A45: OLD MATRIX DATA UAT | D45: *NOTE : KARENA KETERBATASAN TIMELINE UAT, MAKA MATRIX DATA MENGGUNAKAN 'NEW MATRIX DATA UAT' YANG SUDAH DIRAMPINGKAN SECARA DATA
A47: NO | B47: MATRIX DATA | C47: SOURCE ORDER | D47: TIPE ORDER | F47: SEGMEN PEKERJAAN | G47: PAYROLL | H47: PRIORITY | I47: EVENT | J47: CUSTOMER CATEGORY | K47: STATUS PERKAWINAN | L47: JENIS KENDARAAN | M47: WILAYAH | N47: SPK? (Y/N) | O47: Hasil Screening MASS | P47: CBAS DIGITAL | Q47: CBAS MASS | R47: KOLEKTIBILITAS NASABAH | U47: MAPPING RAC DBR | X47: FINAL SCREENING | Y47: PROSES RTRE | AB47: TANGGAL RTRE | AC47: HASIL CBAS MASS | AE47: PROSES CANCEL/REJECT | AL47: AUTO REJECT
R48: DEBITUR | S48: PASANGAN | T48: HASIL MATRIX KOL | U48: PENDAPATAN | V48: DBR | W48: RAC DBR | Y48: CREDIT APPROVAL | Z48: FDE | AA48: VERDAT | AC48: NEW | AD48: DEDUP | AE48: EFD | AF48: To Do List SC2 | AG48: Tele Survey | AH48: Reguler Survey | AI48: KYC | AJ48: Credit Approval | AK48: PO/CL | AL48: SC1 | AM48: SC2 | AN48: SC3
A49: 1 | B49: BS001 | C49: BSI BYOND | D49: WHITELIST | F49: ASN | G49: TRUE | H49: FALSE | I49: NON EVENT | J49: BSI PAYROLL | K49: BELUM KAWIN | L49: MOBIL BARU | M49: JABODETABEK & SERANG | N49: Y | O49: Reguler Survey | P49: - | Q49: - | R49: OK | S49: - | T49: OK | U49: <= 10 juta/bulan | V49: <= 40% | W49: OK | X49: OK
A50: 2 | B50: BS002 | C50: BSI BYOND | D50: WHITELIST | F50: BUMN / BUMD | G50: FALSE | H50: TRUE | I50: GAIKINDO INDONESIA INTERNATIONAL AUTO SHOW (GIIAS) | J50: BSI PRIORITAS | K50: KAWIN | L50: MOBIL BARU | M50: JAWA BARAT | N50: N | O50: Instant Approval | P50: FOUND | Q50: DEDUP | R50: OK | S50: OK | T50: OK | U50: <= 10 juta/bulan | V50: <= 40% | W50: OK | X50: OK | Y50: v | AB50: < TGL 15 | AD50: v
A51: 3 | B51: BS003 | C51: BSI BYOND | D51: WHITELIST | F51: PEGAWAI SWASTA | G51: TRUE | H51: FALSE | I51: GAIKINDO JAKARTA AUTO WEEK (GJAW) | J51: BSI PAYROLL | K51: BELUM KAWIN | L51: MOBIL BARU | M51: JAWA TENGAH | N51: Y | O51: Reguler Survey | P51: - | Q51: - | R51: OK | S51: - | T51: OK | U51: > 10 juta/bulan | V51: <= 50% | W51: OK | X51: OK
A52: 4 | B52: BS004 | C52: BSI BYOND | D52: WHITELIST | F52: PROFESSIONAL | G52: FALSE | H52: TRUE | I52: INDONESIA INTERNATIONAL MOTOR SHOW (IIMS) | J52: ELSE | K52: KAWIN | L52: MOBIL BARU | M52: JAWA TIMUR | N52: N | O52: Instant Approval | P52: - | Q52: - | R52: OK | S52: NOT OK | T52: OK | U52: > 10 juta/bulan | V52: <= 50% | W52: OK | X52: OK
A53: 5 | B53: BS005 | C53: BSI BYOND | D53: WHITELIST | F53: WIRASWASTA | G53: TRUE | H53: FALSE | I53: BSI INTERNATIONAL EXPO | J53: BSI PAYROLL | K53: BELUM KAWIN | L53: MOBIL BARU | M53: BALI, & NUSA TENGGARA | N53: Y | O53: Reguler Survey | P53: - | Q53: - | R53: OK | S53: - | T53: OK | U53: > 10 juta/bulan | V53: <= 50% | W53: OK | X53: OK
A54: 6 | B54: BS006 | C54: BSI BYOND | D54: WHITELIST | F54: DOKTER | G54: FALSE | H54: TRUE | I54: MUF AUTO FEST | J54: BSI PRIORITAS | K54: KAWIN | L54: MOBIL BARU | M54: SUMATERA | N54: N | O54: Reguler Survey | P54: NO RESPONSE | Q54: FOUND | R54: OK | S54: OK | T54: ELSE (OK) | U54: > 10 juta/bulan | V54: <= 50% | W54: OK | X54: ELSE (OK) | Z54: v | AB54: < TGL 15 | AD54: v
A55: 7 | B55: BS007 | C55: BSI BYOND | D55: WHITELIST | F55: TNI / POLRI | G55: TRUE | H55: FALSE | I55: BSI OTO SHOW | J55: BSI PAYROLL | K55: BELUM KAWIN | L55: MOBIL BARU | M55: SULAWESI | N55: Y | O55: Reguler Survey | P55: - | Q55: - | R55: OK | S55: - | T55: ELSE (OK) | U55: <= 10 juta/bulan | V55: <= 40% | W55: OK | X55: ELSE (OK)
A56: 8 | B56: BS008 | C56: BSI BYOND | D56: WHITELIST | F56: PEJABAT PENYELENGGARA NEGARA | G56: FALSE | H56: TRUE | I56: CUSTOMER GATHERING | J56: BSI PRIORITAS | K56: KAWIN | L56: MOBIL BARU | M56: KALIMANTAN | N56: N | O56: Reguler Survey | P56: - | Q56: - | R56: OK | S56: NOT OK | T56: OK | U56: <= 10 juta/bulan | V56: <= 40% | W56: OK | X56: OK
A57: 9 | B57: BS009 | C57: BSI BYOND | D57: WHITELIST | F57: LAINNYA | G57: TRUE | H57: FALSE | I57: SHOW UNIT & TEST DRIVE BSI OTO | J57: BSI PAYROLL | K57: BELUM KAWIN | L57: MOBIL BEKAS | M57: JABODETABEK & SERANG | N57: Y | O57: Instant Approval | P57: DEDUP | Q57: DEDUP | R57: OK | S57: - | T57: OK | U57: > 10 juta/bulan | V57: <= 50% | W57: OK | X57: OK | AA57: v | AB57: > TGL 15 | AC57: v
A58: 10 | B58: BS010 | C58: BSI BYOND | D58: WHITELIST | F58: ASN | G58: TRUE | H58: FALSE | I58: MILAD BSI | J58: BSI PRIORITAS | K58: BELUM KAWIN | L58: MOBIL BEKAS | M58: JAWA BARAT | N58: N | O58: Reguler Survey | P58: - | Q58: - | R58: OK | S58: - | T58: OK | U58: <= 10 juta/bulan | V58: <= 40% | W58: OK | X58: OK
A59: 11 | B59: BS011 | C59: BSI BYOND | D59: WHITELIST | F59: BUMN / BUMD | G59: FALSE | H59: TRUE | I59: BSI FEST RAMADHAN | J59: BSI PAYROLL | K59: KAWIN | L59: MOBIL BEKAS | M59: JAWA TENGAH | N59: Y | O59: Instant Approval | P59: - | Q59: - | R59: OK | S59: OK | T59: OK | U59: <= 10 juta/bulan | V59: <= 40% | W59: OK | X59: OK
A60: 12 | B60: BS012 | C60: BSI BYOND | D60: WHITELIST | F60: PEGAWAI SWASTA | G60: TRUE | H60: FALSE | I60: NON EVENT | J60: BSI PRIORITAS | K60: BELUM KAWIN | L60: MOBIL BEKAS | M60: JAWA TIMUR | N60: N | O60: Reguler Survey | P60: - | Q60: - | R60: OK | S60: - | T60: OK | U60: <= 10 juta/bulan | V60: <= 40% | W60: OK | X60: OK
A61: 13 | B61: BS013 | C61: BSI BYOND | D61: WHITELIST | F61: PROFESSIONAL | G61: FALSE | H61: TRUE | I61: GAIKINDO INDONESIA INTERNATIONAL AUTO SHOW (GIIAS) | J61: BSI PAYROLL | K61: KAWIN | L61: MOBIL BEKAS | M61: BALI, & NUSA TENGGARA | N61: Y | O61: Reguler Survey | P61: FOUND | Q61: DEDUP | R61: OK | S61: NOT OK | T61: OK | U61: > 10 juta/bulan | V61: <= 50% | W61: OK | X61: OK | Y61: v | AB61: > TGL 15 | AC61: v
A62: 14 | B62: BS014 | C62: BSI BYOND | D62: WHITELIST | F62: WIRASWASTA | G62: TRUE | H62: FALSE | I62: GAIKINDO JAKARTA AUTO WEEK (GJAW) | J62: BSI PRIORITAS | K62: BELUM KAWIN | L62: MOBIL BEKAS | M62: SUMATERA | N62: N | O62: Reguler Survey | P62: - | Q62: - | R62: OK | S62: - | T62: ELSE (OK) | U62: > 10 juta/bulan | V62: <= 50% | W62: OK | X62: ELSE (OK)
A63: 15 | B63: BS015 | C63: BSI BYOND | D63: WHITELIST | F63: DOKTER | G63: FALSE | H63: TRUE | I63: INDONESIA INTERNATIONAL MOTOR SHOW (IIMS) | J63: BSI PAYROLL | K63: KAWIN | L63: MOBIL BEKAS | M63: SULAWESI | N63: Y | O63: Instant Approval | P63: NO RESPONSE | Q63: FOUND | R63: OK | S63: NOT OK | T63: ELSE (OK) | U63: > 10 juta/bulan | V63: <= 50% | W63: OK | X63: ELSE (OK) | AA63: v | AB63: < TGL 15 | AD63: v
A64: 16 | B64: BS016 | C64: BSI BYOND | D64: WHITELIST | F64: TNI / POLRI | G64: TRUE | H64: FALSE | I64: BSI INTERNATIONAL EXPO | J64: ELSE | K64: BELUM KAWIN | L64: MOBIL BEKAS | M64: KALIMANTAN | N64: N | O64: Reguler Survey | P64: - | Q64: - | R64: OK | S64: - | T64: OK | U64: > 10 juta/bulan | V64: <= 50% | W64: OK | X64: OK
A65: 17 | B65: BS017 | C65: BSI BYOND | D65: WHITELIST | F65: PEJABAT PENYELENGGARA NEGARA | G65: FALSE | H65: TRUE | I65: MUF AUTO FEST | J65: BSI PAYROLL | K65: KAWIN | L65: MOTOR BARU | M65: JABODETABEK & SERANG | N65: Y | O65: Reguler Survey | P65: - | Q65: - | R65: OK | S65: NOT OK | T65: OK | U65: <= 10 juta/bulan | V65: <= 40% | W65: OK | X65: OK
A66: 18 | B66: BS018 | C66: BSI BYOND | D66: WHITELIST | F66: LAINNYA | G66: TRUE | H66: FALSE | I66: BSI OTO SHOW | J66: BSI PRIORITAS | K66: BELUM KAWIN | L66: MOTOR BARU | M66: JAWA BARAT | N66: N | O66: Reguler Survey | P66: DEDUP | Q66: FOUND | R66: OK | S66: - | T66: OK | U66: > 10 juta/bulan | V66: <= 50% | W66: OK | X66: OK | Z66: v | AB66: > TGL 15 | AC66: v
A67: 19 | B67: BS019 | C67: BSI BYOND | D67: WHITELIST | F67: ASN | G67: TRUE | H67: FALSE | I67: CUSTOMER GATHERING | J67: ELSE | K67: BELUM KAWIN | L67: MOTOR BARU | M67: JAWA TENGAH | N67: Y | O67: Reguler Survey | P67: NO RESPONSE | Q67: NO RESPONSE | R67: OK | S67: - | T67: ELSE (OK) | U67: <= 10 juta/bulan | V67: <= 40% | W67: OK | X67: ELSE (OK) | Y67: v | AB67: < TGL 15 | AC67: v
A68: 20 | B68: BS020 | C68: BSI BYOND | D68: WHITELIST | F68: BUMN / BUMD | G68: FALSE | H68: TRUE | I68: SHOW UNIT & TEST DRIVE BSI OTO | J68: BSI PRIORITAS | K68: KAWIN | L68: MOTOR BARU | M68: JAWA TIMUR | N68: N | O68: Reguler Survey | P68: - | Q68: - | R68: OK | S68: OK | T68: OK | U68: > 10 juta/bulan | V68: <= 50% | W68: OK | X68: OK
A69: 21 | B69: BS021 | C69: BSI BYOND | D69: WHITELIST | F69: PEGAWAI SWASTA | G69: TRUE | H69: FALSE | I69: MILAD BSI | J69: BSI PAYROLL | K69: BELUM KAWIN | L69: MOTOR BARU | M69: BALI, & NUSA TENGGARA | N69: Y | O69: Instant Approval | P69: - | Q69: - | R69: OK | S69: - | T69: OK | U69: > 10 juta/bulan | V69: <= 50% | W69: OK | X69: OK
A70: 22 | B70: BS022 | C70: BSI BYOND | D70: WHITELIST | F70: PROFESSIONAL | G70: FALSE | H70: TRUE | I70: BSI FEST RAMADHAN | J70: BSI PRIORITAS | K70: KAWIN | L70: MOTOR BARU | M70: SUMATERA | N70: N | O70: Instant Approval | P70: - | Q70: - | R70: OK | S70: NOT OK | T70: ELSE (OK) | U70: > 10 juta/bulan | V70: <= 50% | W70: OK | X70: ELSE (OK)
A71: 23 | B71: BS023 | C71: BSI BYOND | D71: WHITELIST | F71: WIRASWASTA | G71: TRUE | H71: FALSE | I71: NON EVENT | J71: BSI PAYROLL | K71: BELUM KAWIN | L71: MOTOR BARU | M71: SULAWESI | N71: Y | O71: Reguler Survey | P71: - | Q71: - | R71: OK | S71: - | T71: OK | U71: <= 10 juta/bulan | V71: <= 40% | W71: OK | X71: OK
A72: 24 | B72: BS024 | C72: BSI BYOND | D72: WHITELIST | F72: DOKTER | G72: FALSE | H72: TRUE | I72: GAIKINDO INDONESIA INTERNATIONAL AUTO SHOW (GIIAS) | J72: BSI PRIORITAS | K72: KAWIN | L72: MOTOR BARU | M72: KALIMANTAN | N72: N | O72: Instant Approval | P72: - | Q72: - | R72: OK | S72: NOT OK | T72: ELSE (OK) | U72: > 10 juta/bulan | V72: <= 50% | W72: OK | X72: ELSE (OK)
A73: 25 | B73: BS025 | C73: BSI BYOND | D73: NON-WHITELIST | F73: ASN | K73: BELUM KAWIN | L73: MOBIL BARU | M73: JABODETABEK & SERANG | N73: N | O73: Reguler Survey | P73: - | Q73: - | R73: - | S73: - | T73: - | U73: - | V73: - | W73: - | X73: -
A74: 26 | B74: BS026 | C74: BSI BYOND | D74: NON-WHITELIST | F74: BUMN / BUMD | K74: KAWIN | L74: MOBIL BARU | M74: JAWA BARAT | N74: Y | O74: Reguler Survey | P74: - | Q74: - | R74: - | S74: - | T74: - | U74: - | V74: - | W74: - | X74: -
A75: 27 | B75: BS027 | C75: BSI BYOND | D75: NON-WHITELIST | F75: PEGAWAI SWASTA | K75: BELUM KAWIN | L75: MOBIL BARU | M75: JAWA TENGAH | N75: N | O75: Instant Approval | P75: - | Q75: - | R75: - | S75: - | T75: - | U75: - | V75: - | W75: - | X75: -
A76: 28 | B76: BS028 | C76: BSI BYOND | D76: NON-WHITELIST | F76: PROFESSIONAL | K76: KAWIN | L76: MOBIL BARU | M76: JAWA TIMUR | N76: Y | O76: Instant Approval | P76: - | Q76: - | R76: - | S76: - | T76: - | U76: - | V76: - | W76: - | X76: -
A77: 29 | B77: BS029 | C77: BSI BYOND | D77: NON-WHITELIST | F77: WIRASWASTA | K77: BELUM KAWIN | L77: MOBIL BARU | M77: BALI, & NUSA TENGGARA | N77: N | O77: Reguler Survey | P77: - | Q77: - | R77: - | S77: - | T77: - | U77: - | V77: - | W77: - | X77: - | Y77: v
A78: 30 | B78: BS030 | C78: BSI BYOND | D78: NON-WHITELIST | F78: DOKTER | K78: KAWIN | L78: MOBIL BARU | M78: SUMATERA | N78: Y | O78: Reguler Survey | P78: - | Q78: - | R78: - | S78: - | T78: - | U78: - | V78: - | W78: - | X78: -
A79: 31 | B79: BS031 | C79: BSI BYOND | D79: NON-WHITELIST | F79: TNI / POLRI | K79: BELUM KAWIN | L79: MOBIL BARU | M79: SULAWESI | N79: N | O79: Reguler Survey | P79: - | Q79: - | R79: - | S79: - | T79: - | U79: - | V79: - | W79: - | X79: -
A80: 32 | B80: BS032 | C80: BSI BYOND | D80: NON-WHITELIST | F80: PEJABAT PENYELENGGARA NEGARA | K80: KAWIN | L80: MOBIL BARU | M80: KALIMANTAN | N80: Y | O80: Reguler Survey | P80: - | Q80: - | R80: - | S80: - | T80: - | U80: - | V80: - | W80: - | X80: -
A81: 33 | B81: BS033 | C81: BSI BYOND | D81: NON-WHITELIST | F81: LAINNYA | K81: BELUM KAWIN | L81: MOBIL BEKAS | M81: JABODETABEK & SERANG | N81: N | O81: Instant Approval | P81: - | Q81: - | R81: - | S81: - | T81: - | U81: - | V81: - | W81: - | X81: -
A82: 34 | B82: BS034 | C82: BSI BYOND | D82: NON-WHITELIST | F82: ASN | K82: KAWIN | L82: MOBIL BEKAS | M82: JAWA BARAT | N82: Y | O82: Reguler Survey | P82: - | Q82: - | R82: - | S82: - | T82: - | U82: - | V82: - | W82: - | X82: -
A83: 35 | B83: BS035 | C83: BSI BYOND | D83: NON-WHITELIST | F83: BUMN / BUMD | K83: BELUM KAWIN | L83: MOBIL BEKAS | M83: JAWA TENGAH | N83: N | O83: Instant Approval | P83: - | Q83: - | R83: - | S83: - | T83: - | U83: - | V83: - | W83: - | X83: -
A84: 36 | B84: BS036 | C84: BSI BYOND | D84: NON-WHITELIST | F84: PEGAWAI SWASTA | K84: KAWIN | L84: MOBIL BEKAS | M84: JAWA TIMUR | N84: Y | O84: Reguler Survey | P84: - | Q84: - | R84: - | S84: - | T84: - | U84: - | V84: - | W84: - | X84: - | Z84: v
A85: 37 | B85: BS037 | C85: BSI BYOND | D85: NON-WHITELIST | F85: PROFESSIONAL | K85: BELUM KAWIN | L85: MOBIL BEKAS | M85: BALI, & NUSA TENGGARA | N85: N | O85: Reguler Survey | P85: - | Q85: - | R85: - | S85: - | T85: - | U85: - | V85: - | W85: - | X85: -
A86: 38 | B86: BS038 | C86: BSI BYOND | D86: NON-WHITELIST | F86: WIRASWASTA | K86: KAWIN | L86: MOBIL BEKAS | M86: SUMATERA | N86: Y | O86: Reguler Survey | P86: - | Q86: - | R86: - | S86: - | T86: - | U86: - | V86: - | W86: - | X86: -
A87: 39 | B87: BS039 | C87: BSI BYOND | D87: NON-WHITELIST | F87: DOKTER | K87: BELUM KAWIN | L87: MOBIL BEKAS | M87: SULAWESI | N87: N | O87: Instant Approval | P87: - | Q87: - | R87: - | S87: - | T87: - | U87: - | V87: - | W87: - | X87: - | Y87: v
A88: 40 | B88: BS040 | C88: BSI BYOND | D88: NON-WHITELIST | F88: TNI / POLRI | K88: KAWIN | L88: MOBIL BEKAS | M88: KALIMANTAN | N88: Y | O88: Reguler Survey | P88: - | Q88: - | R88: - | S88: - | T88: - | U88: - | V88: - | W88: - | X88: -
A89: 41 | B89: BS041 | C89: BSI BYOND | D89: NON-WHITELIST | F89: PEJABAT PENYELENGGARA NEGARA | K89: BELUM KAWIN | L89: MOTOR BARU | M89: JABODETABEK & SERANG | N89: N | O89: Instant Approval | P89: - | Q89: - | R89: - | S89: - | T89: - | U89: - | V89: - | W89: - | X89: -
A90: 42 | B90: BS042 | C90: BSI BYOND | D90: NON-WHITELIST | F90: LAINNYA | K90: KAWIN | L90: MOTOR BARU | M90: JAWA BARAT | N90: Y | O90: Reguler Survey | P90: - | Q90: - | R90: - | S90: - | T90: - | U90: - | V90: - | W90: - | X90: -
A91: 43 | B91: BS043 | C91: BSI BYOND | D91: NON-WHITELIST | F91: ASN | K91: BELUM KAWIN | L91: MOTOR BARU | M91: JAWA TENGAH | N91: N | O91: Instant Approval | P91: - | Q91: - | R91: - | S91: - | T91: - | U91: - | V91: - | W91: - | X91: -
A92: 44 | B92: BS044 | C92: BSI BYOND | D92: NON-WHITELIST | F92: BUMN / BUMD | K92: KAWIN | L92: MOTOR BARU | M92: JAWA TIMUR | N92: Y | O92: Reguler Survey | P92: - | Q92: - | R92: - | S92: - | T92: - | U92: - | V92: - | W92: - | X92: -
A93: 45 | B93: BS045 | C93: BSI BYOND | D93: NON-WHITELIST | F93: PEGAWAI SWASTA | K93: BELUM KAWIN | L93: MOTOR BARU | M93: BALI, & NUSA TENGGARA | N93: N | O93: Instant Approval | P93: - | Q93: - | R93: - | S93: - | T93: - | U93: - | V93: - | W93: - | X93: -
A94: 46 | B94: BS046 | C94: BSI BYOND | D94: NON-WHITELIST | F94: PROFESSIONAL | K94: KAWIN | L94: MOTOR BARU | M94: SUMATERA | N94: Y | O94: Reguler Survey | P94: - | Q94: - | R94: - | S94: - | T94: - | U94: - | V94: - | W94: - | X94: - | AA94: v
A95: 47 | B95: BS047 | C95: BSI BYOND | D95: NON-WHITELIST | F95: WIRASWASTA | K95: BELUM KAWIN | L95: MOTOR BARU | M95: SULAWESI | N95: N | O95: Instant Approval | P95: - | Q95: - | R95: - | S95: - | T95: - | U95: - | V95: - | W95: - | X95: -
A96: 48 | B96: BS048 | C96: BSI BYOND | D96: NON-WHITELIST | F96: DOKTER | K96: KAWIN | L96: MOTOR BARU | M96: KALIMANTAN | N96: Y | O96: Reguler Survey | P96: - | Q96: - | R96: - | S96: - | T96: - | U96: - | V96: - | W96: - | X96: -
A97: 49 | B97: BS049 | C97: BSI BYOND | D97: WHITELIST | F97: TNI / POLRI | G97: TRUE | H97: TRUE | I97: GAIKINDO JAKARTA AUTO WEEK (GJAW) | J97: BSI PRIORITAS | K97: BELUM KAWIN | L97: MOBIL BARU | N97: Y | O97: - | R97: NOT OK | T97: NOT OK | U97: > 10 juta/bulan | V97: <= 50% | W97: OK | X97: NOT OK
A98: 50 | B98: BS050 | C98: BSI BYOND | D98: WHITELIST | F98: PEJABAT PENYELENGGARA NEGARA | G98: FALSE | H98: FALSE | I98: INDONESIA INTERNATIONAL MOTOR SHOW (IIMS) | K98: KAWIN | L98: MOBIL BEKAS | N98: Y | O98: - | R98: NOT OK | S98: OK | T98: NOT OK | U98: <= 10 juta/bulan | V98: <= 40% | W98: OK | X98: NOT OK
A99: 51 | B99: BS051 | C99: BSI BYOND | D99: WHITELIST | F99: LAINNYA | G99: FALSE | H99: TRUE | I99: BSI INTERNATIONAL EXPO | K99: KAWIN | L99: MOTOR BARU | N99: N | O99: - | R99: NOT OK | S99: NOT OK | T99: NOT OK | U99: <= 10 juta/bulan | V99: > 40% | W99: NOT OK | X99: NOT OK
A100: 52 | B100: BS052 | C100: BSI BYOND | D100: WHITELIST | F100: PEGAWAI SWASTA | G100: FALSE | H100: TRUE | I100: CUSTOMER GATHERING | K100: KAWIN | L100: MOTOR BARU | N100: N | O100: - | R100: OK | S100: NOT OK | T100: OK | U100: <= 10 juta/bulan | V100: > 40% | W100: NOT OK | X100: NOT OK
A101: 53 | B101: BS053 | C101: BSI BYOND | D101: WHITELIST | F101: PROFESSIONAL | G101: TRUE | H101: TRUE | I101: SHOW UNIT & TEST DRIVE BSI OTO | K101: KAWIN | L101: MOBIL BARU | N101: Y | O101: - | R101: OK | S101: OK | T101: OK | U101: > 10 juta/bulan | V101: > 50% | W101: NOT OK | X101: NOT OK
A102: 54 | B102: BS054 | C102: BSI BYOND | D102: WHITELIST | F102: WIRASWASTA | G102: FALSE | H102: FALSE | I102: MILAD BSI | J102: ELSE | K102: BELUM KAWIN | L102: MOBIL BEKAS | N102: N | O102: - | R102: OK | S102: - | T102: OK | U102: <= 10 juta/bulan | V102: > 40% | W102: NOT OK | X102: NOT OK
A103: 55 | B103: BS055 | C103: BSI BYOND | D103: WHITELIST | F103: DOKTER | G103: FALSE | H103: TRUE | I103: BSI FEST RAMADHAN | J103: ELSE | K103: KAWIN | L103: MOTOR BARU | N103: Y | O103: - | R103: OK | S103: - | T103: OK | U103: > 10 juta/bulan | V103: > 50% | W103: NOT OK | X103: NOT OK
A104: 56 | B104: BS056 | C104: BSI BYOND | D104: WHITELIST | K104: BELUM KAWIN | L104: MOBIL BARU | N104: N | AE104: v
...

Sheet TEST CASES
A1: Leader : Adityo
A2: PIC : Kevin, Azhar, Affinia, Rasya
A3: No | B3: Test Case ID | C3: Test Data | D3: Module/Feature | E3: Test Case Description | F3: Test Steps | G3: Expected Result | H3: PIC | I3: Email | J3: Hours | K3: Retest | L3: Documentation | M3: Total | N3: Total Hours | O3: MD UAT | P3: PIC | Q3: Duration
A4: 1 | B4: BYD001-01 | C4: ='MATRIX KONTRAK'!B5 -> BS001 | D4: Web View BSI OTO | E4: Melakukan pengajuan data kontrak melalui Web View BSI BYOND | F4: 1. Akses menu Web View BSI BYOND 2. Melakukan inputan data kendaraan 3. Melakukan inputan simulasi pembiayaan 4. Melakukan inputan verifikasi data 5. Konfirmasi pengajuan | G4: 1. Berhasil akses menu Web View BSI BYOND 2. Berhasil melakukan inputan data kendaraan 3. Berhasil melakukan inputan simulasi pembiayaan 4. Berhasil melakukan inputan data nasabah 5. Berhasil submit pengajuan dari Web View BSI BYOND | H4: =VLOOKUP(LEFT(B4,FIND("-",B4)-1),'MAPPING MD & SKENARIO'!$H$2:$I$42,2,FALSE) -> Azhar | I4: =VLOOKUP(H4,'MAPPING MD & SKENARIO'!$I$2:$J$42,2,FALSE) -> azhar.azhar@muf.co.id | J4: =VLOOKUP(D4,'MAPPING MD & SKENARIO'!B:D,3,FALSE) -> 1.3 | K4: =J4*50% -> 0.65 | L4: 1 | M4: =ROUNDUP(SUM(J4:L4),0) -> 3 | N4: =ROUNDUP(SUM(M4:M320),0) -> 1132 | O4: =ROUNDUP(N4/6,0) -> 189 | P4: 4 | Q4: =ROUNDUP(O4/P4,0) -> 48
A5: 2 | B5: BYD001-02 | D5: CBAS Digital | E5: Melakukan proses verifikasi administrasi atas pengajuan yang dilakukan sebelumnya | F5: 1. Akses menu CBAS Digital 2. Lakukan pengecekan data yang sudah terhit ke CBAS Digital 3. Cek callback actcode Tracking BSI pada database (Excel Lampiran BSI BYOND - Tracking BSI) | G5: 1. Berhasil akses menu CBAS Digital 2. Hasil screening data pada CBAS Digital untuk Verifikasi Administrasi sudah sesuai 3. Callback actcode sudah sesuai | H5: =VLOOKUP(LEFT(B5,FIND("-",B5)-1),'MAPPING MD & SKENARIO'!$H$2:$I$42,2,FALSE) -> Azhar | I5: =VLOOKUP(H5,'MAPPING MD & SKENARIO'!$I$2:$J$42,2,FALSE) -> azhar.azhar@muf.co.id | J5: =VLOOKUP(D5,'MAPPING MD & SKENARIO'!B:D,3,FALSE) -> 1.95 | K5: =J5*50% -> 0.975 | L5: 1 | M5: =ROUNDUP(SUM(J5:L5),0) -> 4
A6: 3 | B6: BYD001-03 | D6: Email Notifikasi Submit Order | E6: Pengecekan kiriman data dan format email submit order | F6: 1. Buka e-mail 2. Pastikan e-email terkirim 3. Lakukan pengecekan format dan data pada kiriman e-mail | G6: 1. Berhasil akses e-mail 2. E-mail berhasil masuk ke Inbox 3. Format dan data terlampir pada e-mail sudah sesuai | H6: =VLOOKUP(LEFT(B6,FIND("-",B6)-1),'MAPPING MD & SKENARIO'!$H$2:$I$42,2,FALSE) -> Azhar | I6: =VLOOKUP(H6,'MAPPING MD & SKENARIO'!$I$2:$J$42,2,FALSE) -> azhar.azhar@muf.co.id | J6: =VLOOKUP(D6,'MAPPING MD & SKENARIO'!B:D,3,FALSE) -> 0.26 | K6: =J6*50% -> 0.13 | L6: 1 | M6: =ROUNDUP(SUM(J6:L6),0) -> 2
A7: 4 | B7: BYD001-04 | D7: Entry Form Digital | E7: Pengecekan dan lanjutan inputan data kontrak pada EFD MASS | F7: 1. Akses menu EFD 2. Proses lanjutan inputan data 3. Lakukan pengecekan pada mapping submit order data terkait autofill data, penambahan field baru dan penambahan label baru (Excel Lampiran BSI BYOND - Sheet Mapping Submit Order) 4. Konfirmasi EFD 5. Cek callback actcode tracking BSI dan tracking order MASS (Excel Lampiran BSI BYOND - Tracking BSI) | G7: 1. Berhasil akses EFD 2. Berhasil melanjutkan inputan data 3. Terkait autofill, penambahan field dan penambahan label di EFD sudah sesuai 4. Berhasil konfirmasi EFD 5. Callback tracking BSI dan tracking order MASS sesuai | H7: =VLOOKUP(LEFT(B7,FIND("-",B7)-1),'MAPPING MD & SKENARIO'!$H$2:$I$42,2,FALSE) -> Azhar | I7: =VLOOKUP(H7,'MAPPING MD & SKENARIO'!$I$2:$J$42,2,FALSE) -> azhar.azhar@muf.co.id | J7: =VLOOKUP(D7,'MAPPING MD & SKENARIO'!B:D,3,FALSE) -> 1.3 | K7: =J7*50% -> 0.65 | L7: 1 | M7: =ROUNDUP(SUM(J7:L7),0) -> 3
A8: 5 | B8: BYD001-05 | D8: Data Entry - Screening 2 | E8: Pengecekan dan proses lanjutan inputan data kontrak pada SC2 | F8: 1. Akses menu To Do List SC2 2. Pengecekan penambahan informasi tipe order dan customer category pada tampilan data to do list sc2 3. Masuk ke form data entry SC2 4. Melakukan proses inputan data entry serta melakukan pengecekan mapping submit order data terkait autofill data, penambahan field baru dan penambahan label baru (Excel Lampiran BSI BYOND - Sheet Mapping Submit Order) 5. Input struktur kredit sesuai dengan matrix paket kredit (Excel Lampiran BSI BYOND - Sheet Matrix Paket Kredit Mobil Baru/Mobil Bekas/Motor Baru) 6. Konfirmasi data entry screening 2 7. Cek callback actcode tracking BSI dan tracking order MASS (Excel Lampiran BSI BYOND - Tracking BSI) | G8: 1. Berhasil masuk ke menu to do list SC2 2. Tambahan informasi pada tampilan to do list sudah sesuai 3. Berhasil masuk ke form data entry SC2 4. Berhasil menlanjutkan inputan dan autofill, penambahan field serta penambahan label sudah sesuai 5. Inputan struktur kredit sudah sesuai dengan matrix paket kredit 6. Berhasil konfirmasi 7. Callback tracking BSI dan tracking order MASS sesuai | H8: =VLOOKUP(LEFT(B8,FIND("-",B8)-1),'MAPPING MD & SKENARIO'!$H$2:$I$42,2,FALSE) -> Azhar | I8: =VLOOKUP(H8,'MAPPING MD & SKENARIO'!$I$2:$J$42,2,FALSE) -> azhar.azhar@muf.co.id | J8: =VLOOKUP(D8,'MAPPING MD & SKENARIO'!B:D,3,FALSE) -> 2.6 | K8: =J8*50% -> 1.3 | L8: 1 | M8: =ROUNDUP(SUM(J8:L8),0) -> 5
A9: 6 | B9: BYD001-06 | D9: Reguler Survey | E9: Proses actcode terima offer dan lanjutan inputan data kontrak pada Reguler Survey | F9: 1. Akses menu Reguler Survey 2. Cek validasi ketika BSI BYOND belum accept offer 3. Lakukan proses accept offer 4. Akses form Reguler Survey 5. Klik button Detail Application pada Reguler Survey dan lakukan pengecekan informasi data pada Tab Order Digital 6. Lanjutan proses inputan data pada Reguler Survey 7. Konfirmasi Reguler Survey 8. Cek callback actcode tracking BSI dan tracking order MASS (Excel Lampiran BSI BYOND - Tracking BSI) | G9: 1. Berhasil masuk ke menu Reguler Survey 2. Validasi belum accept offer sudah sesuai 3. Berhasil proses accept offer 4. Berhasil masuk ke form Reguler Survey 5. Berhasil klik button Detail Application dan informasi pada Tab Order Digital sudah sesuai 6. Berhasil input Reguler Survey 7. Berhasil konfirmasi Reguler Survey 8. Callback tracking BSI dan tracking order MASS sesuai | H9: =VLOOKUP(LEFT(B9,FIND("-",B9)-1),'MAPPING MD & SKENARIO'!$H$2:$I$42,2,FALSE) -> Azhar | I9: =VLOOKUP(H9,'MAPPING MD & SKENARIO'!$I$2:$J$42,2,FALSE) -> azhar.azhar@muf.co.id | J9: =VLOOKUP(D9,'MAPPING MD & SKENARIO'!B:D,3,FALSE) -> 1.3 | K9: =J9*50% -> 0.65 | L9: 1 | M9: =ROUNDUP(SUM(J9:L9),0) -> 3
A10: 7 | B10: BYD001-07 | D10: Credit Approval (CA) | E10: Pengecekan dan lanjutan proses data kontrak pada Credit Approval (CA) | F10: 1. Akses menu Credit Approval 2. Lakukan pengecekan informasi pada Tab Order Digital di CA 3. Lakukan proses approval sampai full approved 4. Cek callback actcode tracking BSI dan tracking order MASS (Excel Lampiran BSI BYOND - Tracking BSI) | G10: 1. Berhasil masuk ke menu CA 2. Informasi pada Tab Order Digital sudah sesuai 3. Data kontrak berhasil full approved 4. Callback tracking BSI dan tracking order MASS sesuai | H10: =VLOOKUP(LEFT(B10,FIND("-",B10)-1),'MAPPING MD & SKENARIO'!$H$2:$I$42,2,FALSE) -> Azhar | I10: =VLOOKUP(H10,'MAPPING MD & SKENARIO'!$I$2:$J$42,2,FALSE) -> azhar.azhar@muf.co.id | J10: =VLOOKUP(D10,'MAPPING MD & SKENARIO'!B:D,3,FALSE) -> 2.6 | K10: =J10*50% -> 1.3 | L10: 1 | M10: =ROUNDUP(SUM(J10:L10),0) -> 5
A11: 8 | B11: BYD001-08 | D11: PO/CL | E11: Melakukan cetak PO | F11: 1. Akses menu PO 2. Lakukan proses cetak PO 3. Cek callback actcode tracking BSI dan tracking order MASS (Excel Lampiran BSI BYOND - Tracking BSI) | G11: 1. Berhasil masuk ke menu PO 2. Berhasil cetak PO 3. Callback tracking BSI dan tracking order MASS sesuai | H11: =VLOOKUP(LEFT(B11,FIND("-",B11)-1),'MAPPING MD & SKENARIO'!$H$2:$I$42,2,FALSE) -> Azhar | I11: =VLOOKUP(H11,'MAPPING MD & SKENARIO'!$I$2:$J$42,2,FALSE) -> azhar.azhar@muf.co.id | J11: =VLOOKUP(D11,'MAPPING MD & SKENARIO'!B:D,3,FALSE) -> 0.65 | K11: =J11*50% -> 0.325 | L11: 1 | M11: =ROUNDUP(SUM(J11:L11),0) -> 2
A12: 9 | B12: BYD001-09 | D12: FDE | E12: Proses Full Data Entry (FDE) untuk data kontrak terkait | F12: 1. Akses menu FDE 2. Lakukan pengecekan informasi pada Tab Order Digital di FDE 3. Proses inputan pada FDE 4. Konfirmasi FDE 5. Cek callback actcode tracking BSI dan tracking order MASS (Excel Lampiran BSI BYOND - Tracking BSI) | G12: 1. Berhasil masuk ke menu FDE 2. Informasi pada Tab Order Digital sudah sesuai 3. Proses input FDE berhasil 4. Callback tracking BSI dan tracking order MASS sesuai | H12: =VLOOKUP(LEFT(B12,FIND("-",B12)-1),'MAPPING MD & SKENARIO'!$H$2:$I$42,2,FALSE) -> Azhar | I12: =VLOOKUP(H12,'MAPPING MD & SKENARIO'!$I$2:$J$42,2,FALSE) -> azhar.azhar@muf.co.id | J12: =VLOOKUP(D12,'MAPPING MD & SKENARIO'!B:D,3,FALSE) -> 2.6 | K12: =J12*50% -> 1.3 | L12: 1 | M12: =ROUNDUP(SUM(J12:L12),0) -> 5
A13: 10 | B13: BYD001-10 | D13: Verifikasi Data-PPD | E13: Proses Verifikasi Data sampai dengan PPD untuk data kontrak terkait | F13: 1. Akses menu Verdat 2. Lakukan proses verdat sampai dengan PPD 3. Lakukan pengecekan informasi pada Tab Order Digital di Verdat 4. Konfirmasi proses Verdat 5. Save dan konfirmasi proses PPD 6. Cek callback actcode tracking BSI dan tracking order MASS (Excel Lampiran BSI BYOND - Tracking BSI) | G13: 1. Berhasil akses ke menu Verdat 2. Berhasil melakukan proses verdat sampai PPD 3. Informasi pada Tab Order Digital sudah sesuai 4. Berhasil konfirmasi proses verdat 5. Berhasil konfirmasi PPD 6. Callback tracking BSI dan tracking order MASS sesuai | H13: =VLOOKUP(LEFT(B13,FIND("-",B13)-1),'MAPPING MD & SKENARIO'!$H$2:$I$42,2,FALSE) -> Azhar | I13: =VLOOKUP(H13,'MAPPING MD & SKENARIO'!$I$2:$J$42,2,FALSE) -> azhar.azhar@muf.co.id | J13: =VLOOKUP(D13,'MAPPING MD & SKENARIO'!B:D,3,FALSE) -> 1.95 | K13: =J13*50% -> 0.975 | L13: 1 | M13: =ROUNDUP(SUM(J13:L13),0) -> 4
A14: 11 | B14: BYD001-11 | D14: FPD | E14: Proses FPD untuk data kontrak terkait | F14: 1. Akses menu FPD 2. Lakukan proses FPD | G14: 1. Berhasil akses menu FPD 2. Berhasil konfirmasi FPD | H14: =VLOOKUP(LEFT(B14,FIND("-",B14)-1),'MAPPING MD & SKENARIO'!$H$2:$I$42,2,FALSE) -> Azhar | I14: =VLOOKUP(H14,'MAPPING MD & SKENARIO'!$I$2:$J$42,2,FALSE) -> azhar.azhar@muf.co.id | J14: =VLOOKUP(D14,'MAPPING MD & SKENARIO'!B:D,3,FALSE) -> 0.65 | K14: =J14*50% -> 0.325 | L14: 1 | M14: =ROUNDUP(SUM(J14:L14),0) -> 2
A15: 12 | B15: BYD001-12 | D15: Detail Application - Tracking Order | E15: Melakukan pengecekan informasi Order Digital pada Detail App | F15: 1. Akses menu Tracking Order 2. Klik button aksi dan klik lagi button Detail Application 3. Lakukan pengecekan informasi pada Tab Order Digital di Detail App-Tracking Order | G15: 1. Berhasil akses ke menu Tracking Order 2. Berhasil klik button aksi dan button detail application 3. Informasi pada Tab Order Digital sudah sesuai | H15: =VLOOKUP(LEFT(B15,FIND("-",B15)-1),'MAPPING MD & SKENARIO'!$H$2:$I$42,2,FALSE) -> Azhar | I15: =VLOOKUP(H15,'MAPPING MD & SKENARIO'!$I$2:$J$42,2,FALSE) -> azhar.azhar@muf.co.id | J15: =VLOOKUP(D15,'MAPPING MD & SKENARIO'!B:D,3,FALSE) -> 0.65 | K15: =J15*50% -> 0.325 | L15: 1 | M15: =ROUNDUP(SUM(J15:L15),0) -> 2
A16: 13 | B16: BYD002-01 | C16: BS002 | D16: Web View BSI OTO | E16: Melakukan pengajuan data kontrak melalui Web View BSI BYOND | F16: 1. Akses menu Web View BSI BYOND 2. Melakukan inputan data kendaraan 3. Melakukan inputan simulasi pembiayaan 4. Melakukan inputan verifikasi data 5. Konfirmasi pengajuan | G16: 1. Berhasil akses menu Web View BSI BYOND 2. Berhasil melakukan inputan data kendaraan 3. Berhasil melakukan inputan simulasi pembiayaan 4. Berhasil melakukan inputan data nasabah 5. Berhasil submit pengajuan dari Web View BSI BYOND | H16: =VLOOKUP(LEFT(B16,FIND("-",B16)-1),'MAPPING MD & SKENARIO'!$H$2:$I$42,2,FALSE) -> Affinia | I16: =VLOOKUP(H16,'MAPPING MD & SKENARIO'!$I$2:$J$42,2,FALSE) -> affinia.by@muf.co.id | J16: =VLOOKUP(D16,'MAPPING MD & SKENARIO'!B:D,3,FALSE) -> 1.3 | K16: =J16*50% -> 0.65 | L16: 1 | M16: =ROUNDUP(SUM(J16:L16),0) -> 3
A17: 14 | B17: BYD002-02 | D17: CBAS Digital | E17: Melakukan proses verifikasi administrasi atas pengajuan yang dilakukan sebelumnya | F17: 1. Akses menu CBAS Digital 2. Lakukan pengecekan data yang sudah terhit ke CBAS Digital 3. Cek callback actcode Tracking BSI pada database (Excel Lampiran BSI BYOND - Tracking BSI) | G17: 1. Berhasil akses menu CBAS Digital 2. Hasil screening data pada CBAS Digital untuk Verifikasi Administrasi sudah sesuai 3. Callback actcode sudah sesuai | H17: =VLOOKUP(LEFT(B17,FIND("-",B17)-1),'MAPPING MD & SKENARIO'!$H$2:$I$42,2,FALSE) -> Affinia | I17: =VLOOKUP(H17,'MAPPING MD & SKENARIO'!$I$2:$J$42,2,FALSE) -> affinia.by@muf.co.id | J17: =VLOOKUP(D17,'MAPPING MD & SKENARIO'!B:D,3,FALSE) -> 1.95 | K17: =J17*50% -> 0.975 | L17: 1 | M17: =ROUNDUP(SUM(J17:L17),0) -> 4
A18: 15 | B18: BYD002-03 | D18: Email Notifikasi Submit Order | E18: Pengecekan kiriman data dan format email submit order | F18: 1. Buka e-mail 2. Pastikan e-email terkirim 3. Lakukan pengecekan format dan data pada kiriman e-mail | G18: 1. Berhasil akses e-mail 2. E-mail berhasil masuk ke Inbox 3. Format dan data terlampir pada e-mail sudah sesuai | H18: =VLOOKUP(LEFT(B18,FIND("-",B18)-1),'MAPPING MD & SKENARIO'!$H$2:$I$42,2,FALSE) -> Affinia | I18: =VLOOKUP(H18,'MAPPING MD & SKENARIO'!$I$2:$J$42,2,FALSE) -> affinia.by@muf.co.id | J18: =VLOOKUP(D18,'MAPPING MD & SKENARIO'!B:D,3,FALSE) -> 0.26 | K18: =J18*50% -> 0.13 | L18: 1 | M18: =ROUNDUP(SUM(J18:L18),0) -> 2
A19: 16 | B19: BYD002-04 | D19: Entry Form Digital | E19: Pengecekan dan lanjutkan inputan data kontrak pada EFD MASS | F19: 1. Akses menu EFD 2. Proses lanjutkan inputan data 3. Lakukan pengecekan pada mapping submit order data terkait autofill data, penambahan field baru dan penambahan label baru (Excel Lampiran BSI BYOND - Sheet Mapping Submit Order) 4. Konfirmasi EFD 5. Cek callback actcode tracking BSI dan tracking order MASS (Excel Lampiran BSI BYOND - Tracking BSI) | G19: 1. Berhasil akses EFD 2. Berhasil melanjutkan inputan data 3. Terkait autofill, penambahan field dan penambahan label di EFD sudah sesuai 4. Berhasil konfirmasi EFD 5. Callback tracking BSI dan tracking order MASS sesuai | H19: =VLOOKUP(LEFT(B19,FIND("-",B19)-1),'MAPPING MD & SKENARIO'!$H$2:$I$42,2,FALSE) -> Affinia | I19: =VLOOKUP(H19,'MAPPING MD & SKENARIO'!$I$2:$J$42,2,FALSE) -> affinia.by@muf.co.id | J19: =VLOOKUP(D19,'MAPPING MD & SKENARIO'!B:D,3,FALSE) -> 1.3 | K19: =J19*50% -> 0.65 | L19: 1 | M19: =ROUNDUP(SUM(J19:L19),0) -> 3
A20: 17 | B20: BYD002-05 | D20: Data Entry - Screening 2 | E20: Pengecekan dan proses lanjutkan inputan data kontrak pada SC2 | F20: 1. Akses menu To Do List SC2 2. Pengecekan penambahan informasi tipe order dan customer category pada tampilan data to do list sc2 3. Masuk ke form data entry SC2 4. Melakukan proses inputan data entry serta melakukan pengecekan mapping submit order data terkait autofill data, penambahan field baru dan penambahan label baru (Excel Lampiran BSI BYOND - Sheet Mapping Submit Order) 5. Input struktur kredit sesuai dengan matrix paket kredit (Excel Lampiran BSI BYOND - Sheet Matrix Paket Kredit Mobil Baru/Mobil Bekas/Motor Baru) 6. Konfirmasi data entry screening 2 7. Cek callback actcode tracking BSI dan tracking order MASS (Excel Lampiran BSI BYOND - Tracking BSI) | G20: 1. Berhasil masuk ke menu to do list SC2 2. Tambahan informasi pada tampilan to do list sudah sesuai 3. Berhasil masuk ke form data entry SC2 4. Berhasil menlanjutkan inputan dan autofill, penambahan field serta penambahan label sudah sesuai 5. Inputan struktur kredit sudah sesuai dengan matrix paket kredit 6. Berhasil konfirmasi 7. Callback tracking BSI dan tracking order MASS sesuai | H20: =VLOOKUP(LEFT(B20,FIND("-",B20)-1),'MAPPING MD & SKENARIO'!$H$2:$I$42,2,FALSE) -> Affinia | I20: =VLOOKUP(H20,'MAPPING MD & SKENARIO'!$I$2:$J$42,2,FALSE) -> affinia.by@muf.co.id | J20: =VLOOKUP(D20,'MAPPING MD & SKENARIO'!B:D,3,FALSE) -> 2.6 | K20: =J20*50% -> 1.3 | L20: 1 | M20: =ROUNDUP(SUM(J20:L20),0) -> 5
A21: 18 | B21: BYD002-06 | D21: Tele Survey | E21: Proses actcode terima offer dan lanjutkan inputan data kontrak pada Tele Survey | F21: 1. Akses menu Tele Survey 2. Cek validasi ketika BSI BYOND belum accept offer 3. Lakukan proses accept offer 4. Akses form Tele Survey 5. Klik button Detail Application pada Tele Survey dan lakukan pengecekan informasi data pada Tab Order Digital 6. Lanjutkan proses inputan data pada Tele Survey 7. Konfirmasi Tele Survey 8. Cek callback actcode tracking BSI dan tracking order MASS (Excel Lampiran BSI BYOND - Tracking BSI) | G21: 1. Berhasil masuk ke menu Tele Survey 2. Validasi belum accept offer sudah sesuai 3. Berhasil proses accept offer 4. Berhasil masuk ke form Tele Survey 5. Berhasil klik button Detail Application dan informasi pada Tab Order Digital sudah sesuai 6. Berhasil input Tele Survey 7. Berhasil konfirmasi Tele Survey 8. Callback tracking BSI dan tracking order MASS sesuai | H21: =VLOOKUP(LEFT(B21,FIND("-",B21)-1),'MAPPING MD & SKENARIO'!$H$2:$I$42,2,FALSE) -> Affinia | I21: =VLOOKUP(H21,'MAPPING MD & SKENARIO'!$I$2:$J$42,2,FALSE) -> affinia.by@muf.co.id | J21: =VLOOKUP(D21,'MAPPING MD & SKENARIO'!B:D,3,FALSE) -> 1.3 | K21: =J21*50% -> 0.65 | L21: 1 | M21: =ROUNDUP(SUM(J21:L21),0) -> 3
A22: 19 | B22: BYD002-07 | D22: KYC | E22: Proses return kontrak ke screening 3 pada menu KYC | F22: 1. Akses menu KYC 2. Klik button Detail Application pada KYC dan lakukan pengecekan informasi data pada Tab Order Digital 3. Lanjutkan proses inputan data pada KYC 4. Lakukan proses submit KYC Return to Screening 3 5. Cek callback actcode tracking BSI dan tracking order MASS (Excel Lampiran BSI BYOND - Tracking BSI) | G22: 1. Berhasil masuk ke menu KYC 2. Berhasil klik button Detail Application dan informasi pada Tab Order Digital sudah sesuai 3. Berhasil input KYC 4. Berhasil return to screening 3 5. Callback tracking BSI dan tracking order MASS sesuai | H22: =VLOOKUP(LEFT(B22,FIND("-",B22)-1),'MAPPING MD & SKENARIO'!$H$2:$I$42,2,FALSE) -> Affinia | I22: =VLOOKUP(H22,'MAPPING MD & SKENARIO'!$I$2:$J$42,2,FALSE) -> affinia.by@muf.co.id | J22: =VLOOKUP(D22,'MAPPING MD & SKENARIO'!B:D,3,FALSE) -> 1.3 | K22: =J22*50% -> 0.65 | L22: 1 | M22: =ROUNDUP(SUM(J22:L22),0) -> 3
A23: 20 | B23: BYD002-08 | D23: CBAS MASS | E23: Melakukan proses pengecekan inquiry data | F23: 1. Akses menu CBAS MASS 2. Lakukan pengecekan inquiry data yang sudah terhit ke CBAS MASS 3. Cek callback actcode Tracking BSI pada database (Excel Lampiran BSI BYOND - Tracking BSI) | G23: 1. Berhasil akses menu CBAS MASS 2. Hasil inquiry pada CBAS MASS sudah sesuai 3. Callback actcode sudah sesuai | H23: =VLOOKUP(LEFT(B23,FIND("-",B23)-1),'MAPPING MD & SKENARIO'!$H$2:$I$42,2,FALSE) -> Affinia | I23: =VLOOKUP(H23,'MAPPING MD & SKENARIO'!$I$2:$J$42,2,FALSE) -> affinia.by@muf.co.id | J23: =VLOOKUP(D23,'MAPPING MD & SKENARIO'!B:D,3,FALSE) -> 1.95 | K23: =J23*50% -> 0.975 | L23: 1 | M23: =ROUNDUP(SUM(J23:L23),0) -> 4
A24: 21 | B24: BYD002-09 | D24: Credit Approval (CA) | E24: Pengecekan dan lanjutkan proses data kontrak pada Credit Approval (CA) | F24: 1. Akses menu Credit Approval 2. Lakukan pengecekan informasi pada Tab Order Digital di CA 3. Lakukan proses RTRE pada tab Approval 4. Cek callback actcode tracking BSI dan tracking order MASS (Excel Lampiran BSI BYOND - Tracking BSI) | G24: 1. Berhasil masuk ke menu CA 2. Informasi pada Tab Order Digital sudah sesuai 3. Data kontrak berhasil masuk menu Approval Return 4. Callback tracking BSI dan tracking order MASS sesuai | H24: =VLOOKUP(LEFT(B24,FIND("-",B24)-1),'MAPPING MD & SKENARIO'!$H$2:$I$42,2,FALSE) -> Affinia | I24: =VLOOKUP(H24,'MAPPING MD & SKENARIO'!$I$2:$J$42,2,FALSE) -> affinia.by@muf.co.id | J24: =VLOOKUP(D24,'MAPPING MD & SKENARIO'!B:D,3,FALSE) -> 2.6 | K24: =J24*50% -> 1.3 | L24: 1 | M24: =ROUNDUP(SUM(J24:L24),0) -> 5
A25: 22 | B25: BYD002-10 | D25: RTRE | E25: Pengecekan dan proses RTRE dengan kondisi tanggal di bawah tanggal 15 | F25: 1. Akses menu RTRE 2. Lakukan perubahan data ketika proses RTRE di bawah tanggal 15 3. Submit proses RTRE | G25: 1. Berhasil akses menu RTRE 2. Data kontrak sesuai dan berhasil merubah data ketika proses RTRE di bawah tanggal 15 3. Berhasil submit proses RTRE | H25: =VLOOKUP(LEFT(B25,FIND("-",B25)-1),'MAPPING MD & SKENARIO'!$H$2:$I$42,2,FALSE) -> Affinia | I25: =VLOOKUP(H25,'MAPPING MD & SKENARIO'!$I$2:$J$42,2,FALSE) -> affinia.by@muf.co.id | J25: =VLOOKUP(D25,'MAPPING MD & SKENARIO'!B:D,3,FALSE) -> 1.95 | K25: =J25*50% -> 0.975 | L25: 1 | M25: =ROUNDUP(SUM(J25:L25),0) -> 4
A26: 23 | B26: BYD002-11 | D26: CBAS Digital | E26: Melakukan proses verifikasi administrasi atas pengajuan yang dilakukan sebelumnya | F26: 1. Akses menu CBAS Digital 2. Lakukan pengecekan data yang sudah terhit ke CBAS Digital di bawah tanggal 15 (Dedup) 3. Cek callback actcode Tracking BSI pada database (Excel Lampiran BSI BYOND - Tracking BSI) | G26: 1. Berhasil akses menu CBAS Digital 2. Hasil screening data pada CBAS Digital untuk Verifikasi Administrasi sudah sesuai di bawah tanggal 15 (Dedup) 3. Callback actcode sudah sesuai | H26: =VLOOKUP(LEFT(B26,FIND("-",B26)-1),'MAPPING MD & SKENARIO'!$H$2:$I$42,2,FALSE) -> Affinia | I26: =VLOOKUP(H26,'MAPPING MD & SKENARIO'!$I$2:$J$42,2,FALSE) -> affinia.by@muf.co.id | J26: =VLOOKUP(D26,'MAPPING MD & SKENARIO'!B:D,3,FALSE) -> 1.95 | K26: =J26*50% -> 0.975 | L26: 1 | M26: =ROUNDUP(SUM(J26:L26),0) -> 4
A27: 24 | B27: BYD002-12 | D27: Credit Approval (CA) | E27: Pengecekan dan lanjutkan proses data kontrak pada Credit Approval (CA) | F27: 1. Akses menu Credit Approval 2. Lakukan pengecekan informasi pada Tab Order Digital di CA 3. Lakukan proses approval sampai full approved 4. Cek callback actcode tracking BSI dan tracking order MASS (Excel Lampiran BSI BYOND - Tracking BSI) | G27: 1. Berhasil masuk ke menu CA 2. Informasi pada Tab Order Digital sudah sesuai 3. Data kontrak berhasil full approved 4. Callback tracking BSI dan tracking order MASS sesuai | H27: =VLOOKUP(LEFT(B27,FIND("-",B27)-1),'MAPPING MD & SKENARIO'!$H$2:$I$42,2,FALSE) -> Affinia | I27: =VLOOKUP(H27,'MAPPING MD & SKENARIO'!$I$2:$J$42,2,FALSE) -> affinia.by@muf.co.id | J27: =VLOOKUP(D27,'MAPPING MD & SKENARIO'!B:D,3,FALSE) -> 2.6 | K27: =J27*50% -> 1.3 | L27: 1 | M27: =ROUNDUP(SUM(J27:L27),0) -> 5
A28: 25 | B28: BYD002-13 | D28: PO/CL | E28: Melakukan cetak PO | F28: 1. Akses menu PO 2. Lakukan proses cetak PO 3. Cek callback actcode tracking BSI dan tracking order MASS (Excel Lampiran BSI BYOND - Tracking BSI) | G28: 1. Berhasil masuk ke menu PO 2. Berhasil cetak PO 3. Callback tracking BSI dan tracking order MASS sesuai | H28: =VLOOKUP(LEFT(B28,FIND("-",B28)-1),'MAPPING MD & SKENARIO'!$H$2:$I$42,2,FALSE) -> Affinia | I28: =VLOOKUP(H28,'MAPPING MD & SKENARIO'!$I$2:$J$42,2,FALSE) -> affinia.by@muf.co.id | J28: =VLOOKUP(D28,'MAPPING MD & SKENARIO'!B:D,3,FALSE) -> 0.65 | K28: =J28*50% -> 0.325 | L28: 1 | M28: =ROUNDUP(SUM(J28:L28),0) -> 2
... A32: 29 | B32: BYD002-17 | D32: Detail Application - Tracking Order | E32: Melakukan pengecekan informasi Order Digital pada Detail App | F32: 1. Akses menu Tracking Order 2. Klik button aksi dan klik lagi button Detail Application 3. Lakukan pengecekan informasi pada Tab Order Digital di Detail App-Tracking Order | G32: 1. Berhasil akses ke menu Tracking Order 2. Berhasil klik button aksi dan button detail application 3. Informasi pada Tab Order Digital sudah sesuai | H32: =VLOOKUP(LEFT(B32,FIND("-",B32)-1),'MAPPING MD & SKENARIO'!$H$2:$I$42,2,FALSE) -> Affinia | I32: =VLOOKUP(H32,'MAPPING MD & SKENARIO'!$I$2:$J$42,2,FALSE) -> affinia.by@muf.co.id | J32: =VLOOKUP(D32,'MAPPING MD & SKENARIO'!B:D,3,FALSE) -> 0.65 | K32: =J32*50% -> 0.325 | L32: 1 | M32: =ROUNDUP(SUM(J32:L32),0) -> 2
A33: 30 | B33: BYD003-01 | C33: BS003 | D33: Web View BSI OTO | E33: Melakukan pengajuan data kontrak melalui Web View BSI BYOND | F33: 1. Akses menu Web View BSI BYOND 2. Melakukan inputan data kendaraan 3. Melakukan inputan simulasi pembiayaan 4. Melakukan inputan verifikasi data 5. Konfirmasi pengajuan | G33: 1. Berhasil akses menu Web View BSI BYOND 2. Berhasil melakukan inputan data kendaraan 3. Berhasil melakukan inputan simulasi pembiayaan 4. Berhasil melakukan inputan data nasabah 5. Berhasil submit pengajuan dari Web View BSI BYOND | H33: =VLOOKUP(LEFT(B33,FIND("-",B33)-1),'MAPPING MD & SKENARIO'!$H$2:$I$42,2,FALSE) -> Kevin | I33: =VLOOKUP(H33,'MAPPING MD & SKENARIO'!$I$2:$J$42,2,FALSE) -> kevin.hardianus@muf.co.id | J33: =VLOOKUP(D33,'MAPPING MD & SKENARIO'!B:D,3,FALSE) -> 1.3 | K33: =J33*50% -> 0.65 | L33: 1 | M33: =ROUNDUP(SUM(J33:L33),0) -> 3
A34: 31 | B34: BYD003-02 | D34: CBAS Digital | E34: Melakukan proses verifikasi administrasi atas pengajuan yang dilakukan sebelumnya | F34: 1. Akses menu CBAS Digital 2. Lakukan pengecekan data yang sudah terhit ke CBAS Digital 3. Cek callback actcode Tracking BSI pada database (Excel Lampiran BSI BYOND - Tracking BSI) | G34: 1. Berhasil akses menu CBAS Digital 2. Hasil screening data pada CBAS Digital untuk Verifikasi Administrasi sudah sesuai 3. Callback actcode sudah sesuai | H34: =VLOOKUP(LEFT(B34,FIND("-",B34)-1),'MAPPING MD & SKENARIO'!$H$2:$I$42,2,FALSE) -> Kevin | I34: =VLOOKUP(H34,'MAPPING MD & SKENARIO'!$I$2:$J$42,2,FALSE) -> kevin.hardianus@muf.co.id | J34: =VLOOKUP(D34,'MAPPING MD & SKENARIO'!B:D,3,FALSE) -> 1.95 | K34: =J34*50% -> 0.975 | L34: 1 | M34: =ROUNDUP(SUM(J34:L34),0) -> 4
A35: 32 | B35: BYD003-03 | D35: Email Notifikasi Submit Order | E35: Pengecekan kiriman data dan format email submit order | F35: 1. Buka e-mail 2. Pastikan e-email terkirim 3. Lakukan pengecekan format dan data pada kiriman e-mail | G35: 1. Berhasil akses e-mail 2. E-mail berhasil masuk ke Inbox 3. Format dan data terlampir pada e-mail sudah sesuai | H35: =VLOOKUP(LEFT(B35,FIND("-",B35)-1),'MAPPING MD & SKENARIO'!$H$2:$I$42,2,FALSE) -> Kevin | I35: =VLOOKUP(H35,'MAPPING MD & SKENARIO'!$I$2:$J$42,2,FALSE) -> kevin.hardianus@muf.co.id | J35: =VLOOKUP(D35,'MAPPING MD & SKENARIO'!B:D,3,FALSE) -> 0.26 | K35: =J35*50% -> 0.13 | L35: 1 | M35: =ROUNDUP(SUM(J35:L35),0) -> 2
A36: 33 | B36: BYD003-04 | D36: Entry Form Digital | E36: Pengecekan dan lanjutan inputan data kontrak pada EFD MASS | F36: 1. Akses menu EFD 2. Proses lanjutan inputan data 3. Lakukan pengecekan pada mapping submit order data terkait autofill data, penambahan field baru dan penambahan label baru (Excel Lampiran BSI BYOND - Sheet Mapping Submit Order) 4. Konfirmasi EFD 5. Cek callback actcode tracking BSI dan tracking order MASS (Excel Lampiran BSI BYOND - Tracking BSI) | G36: 1. Berhasil akses EFD 2. Berhasil melanjutkan inputan data 3. Terkait autofill, penambahan field dan penambahan label di EFD sudah sesuai 4. Berhasil konfirmasi EFD 5. Callback tracking BSI dan tracking order MASS sesuai | H36: =VLOOKUP(LEFT(B36,FIND("-",B36)-1),'MAPPING MD & SKENARIO'!$H$2:$I$42,2,FALSE) -> Kevin | I36: =VLOOKUP(H36,'MAPPING MD & SKENARIO'!$I$2:$J$42,2,FALSE) -> kevin.hardianus@muf.co.id | J36: =VLOOKUP(D36,'MAPPING MD & SKENARIO'!B:D,3,FALSE) -> 1.3 | K36: =J36*50% -> 0.65 | L36: 1 | M36: =ROUNDUP(SUM(J36:L36),0) -> 3
A37: 34 | B37: BYD003-05 | D37: Data Entry - Screening 2 | E37: Pengecekan dan proses lanjutan inputan data kontrak pada SC2 | F37: 1. Akses menu To Do List SC2 2. Pengecekan penambahan informasi tipe order dan customer category pada tampilan data to do list sc2 3. Masuk ke form data entry SC2 4. Melakukan proses inputan data entry serta melakukan pengecekan mapping submit order data terkait autofill data, penambahan field baru dan penambahan label baru (Excel Lampiran BSI BYOND - Sheet Mapping Submit Order) 5. Input struktur kredit sesuai dengan matrix paket kredit (Excel Lampiran BSI BYOND - Sheet Matrix Paket Kredit Mobil Baru/Mobil Bekas/Motor Baru) 6. Konfirmasi data entry screening 2 7. Cek callback actcode tracking BSI dan tracking order MASS (Excel Lampiran BSI BYOND - Tracking BSI) | G37: 1. Berhasil masuk ke menu to do list SC2 2. Tambahan informasi pada tampilan to do list sudah sesuai 3. Berhasil masuk ke form data entry SC2 4. Berhasil menlanjutkan inputan dan autofill, penambahan field serta penambahan label sudah sesuai 5. Inputan struktur kredit sudah sesuai dengan matrix paket kredit 6. Berhasil konfirmasi 7. Callback tracking BSI dan tracking order MASS sesuai | H37: =VLOOKUP(LEFT(B37,FIND("-",B37)-1),'MAPPING MD & SKENARIO'!$H$2:$I$42,2,FALSE) -> Kevin | I37: =VLOOKUP(H37,'MAPPING MD & SKENARIO'!$I$2:$J$42,2,FALSE) -> kevin.hardianus@muf.co.id | J37: =VLOOKUP(D37,'MAPPING MD & SKENARIO'!B:D,3,FALSE) -> 2.6 | K37: =J37*50% -> 1.3 | L37: 1 | M37: =ROUNDUP(SUM(J37:L37),0) -> 5
A38: 35 | B38: BYD003-06 | D38: Reguler Survey | E38: Proses actcode terima offer dan lanjutan inputan data kontrak pada Reguler Survey | F38: 1. Akses menu Reguler Survey 2. Cek validasi ketika BSI BYOND belum accept offer 3. Lakukan proses accept offer 4. Akses form Reguler Survey 5. Klik button Detail Application pada Reguler Survey dan lakukan pengecekan informasi data pada Tab Order Digital 6. Lanjutan proses inputan data pada Reguler Survey 7. Konfirmasi Reguler Survey 8. Cek callback actcode tracking BSI dan tracking order MASS (Excel Lampiran BSI BYOND - Tracking BSI) | G38: 1. Berhasil masuk ke menu Reguler Survey 2. Validasi belum accept offer sudah sesuai 3. Berhasil proses accept offer 4. Berhasil masuk ke form Reguler Survey 5. Berhasil klik button Detail Application dan informasi pada Tab Order Digital sudah sesuai 6. Berhasil input Reguler Survey 7. Berhasil konfirmasi Reguler Survey 8. Callback tracking BSI dan tracking order MASS sesuai | H38: =VLOOKUP(LEFT(B38,FIND("-",B38)-1),'MAPPING MD & SKENARIO'!$H$2:$I$42,2,FALSE) -> Kevin | I38: =VLOOKUP(H38,'MAPPING MD & SKENARIO'!$I$2:$J$42,2,FALSE) -> kevin.hardianus@muf.co.id | J38: =VLOOKUP(D38,'MAPPING MD & SKENARIO'!B:D,3,FALSE) -> 1.3 | K38: =J38*50% -> 0.65 | L38: 1 | M38: =ROUNDUP(SUM(J38:L38),0) -> 3
A39: 36 | B39: BYD003-07 | D39: Credit Approval (CA) | E39: Pengecekan dan lanjutan proses data kontrak pada Credit Approval (CA) | F39: 1. Akses menu Credit Approval 2. Lakukan pengecekan informasi pada Tab Order Digital di CA 3. Lakukan proses approval sampai full approved 4. Cek callback actcode tracking BSI dan tracking order MASS (Excel Lampiran BSI BYOND - Tracking BSI) | G39: 1. Berhasil masuk ke menu CA 2. Informasi pada Tab Order Digital sudah sesuai 3. Data kontrak berhasil full approved 4. Callback tracking BSI dan tracking order MASS sesuai | H39: =VLOOKUP(LEFT(B39,FIND("-",B39)-1),'MAPPING MD & SKENARIO'!$H$2:$I$42,2,FALSE) -> Kevin | I39: =VLOOKUP(H39,'MAPPING MD & SKENARIO'!$I$2:$J$42,2,FALSE) -> kevin.hardianus@muf.co.id | J39: =VLOOKUP(D39,'MAPPING MD & SKENARIO'!B:D,3,FALSE) -> 2.6 | K39: =J39*50% -> 1.3 | L39: 1 | M39: =ROUNDUP(SUM(J39:L39),0) -> 5
A40: 37 | B40: BYD003-08 | D40: PO/CL | E40: Melakukan cetak PO | F40: 1. Akses menu PO 2. Lakukan proses cetak PO 3. Cek callback actcode tracking BSI dan tracking order MASS (Excel Lampiran BSI BYOND - Tracking BSI) | G40: 1. Berhasil masuk ke menu PO 2. Berhasil cetak PO 3. Callback tracking BSI dan tracking order MASS sesuai | H40: =VLOOKUP(LEFT(B40,FIND("-",B40)-1),'MAPPING MD & SKENARIO'!$H$2:$I$42,2,FALSE) -> Kevin | I40: =VLOOKUP(H40,'MAPPING MD & SKENARIO'!$I$2:$J$42,2,FALSE) -> kevin.hardianus@muf.co.id | J40: =VLOOKUP(D40,'MAPPING MD & SKENARIO'!B:D,3,FALSE) -> 0.65 | K40: =J40*50% -> 0.325 | L40: 1 | M40: =ROUNDUP(SUM(J40:L40),0) -> 2
A41: 38 | B41: BYD003-09 | D41: FDE | E41: Proses Full Data Entry (FDE) untuk data kontrak terkait | F41: 1. Akses menu FDE 2. Lakukan pengecekan informasi pada Tab Order Digital di FDE 3. Proses inputan pada FDE 4. Konfirmasi FDE 5. Cek callback actcode tracking BSI dan tracking order MASS (Excel Lampiran BSI BYOND - Tracking BSI) | G41: 1. Berhasil masuk ke menu FDE 2. Informasi pada Tab Order Digital sudah sesuai 3. Proses input FDE berhasil 4. Callback tracking BSI dan tracking order MASS sesuai | H41: =VLOOKUP(LEFT(B41,FIND("-",B41)-1),'MAPPING MD & SKENARIO'!$H$2:$I$42,2,FALSE) -> Kevin | I41: =VLOOKUP(H41,'MAPPING MD & SKENARIO'!$I$2:$J$42,2,FALSE) -> kevin.hardianus@muf.co.id | J41: =VLOOKUP(D41,'MAPPING MD & SKENARIO'!B:D,3,FALSE) -> 2.6 | K41: =J41*50% -> 1.3 | L41: 1 | M41: =ROUNDUP(SUM(J41:L41),0) -> 5
A42: 39 | B42: BYD003-10 | D42: Verifikasi Data-PPD | E42: Proses Verifikasi Data sampai dengan PPD untuk data kontrak terkait | F42: 1. Akses menu Verdat 2. Lakukan proses verdat sampai dengan PPD 3. Lakukan pengecekan informasi pada Tab Order Digital di Verdat 4. Konfirmasi proses Verdat 5. Save dan konfirmasi proses PPD 6. Cek callback actcode tracking BSI dan tracking order MASS (Excel Lampiran BSI BYOND - Tracking BSI) | G42: 1. Berhasil akses ke menu Verdat 2. Berhasil melakukan proses verdat sampai PPD 3. Informasi pada Tab Order Digital sudah sesuai 4. Berhasil konfirmasi proses verdat 5. Berhasil konfirmasi PPD 6. Callback tracking BSI dan tracking order MASS sesuai | H42: =VLOOKUP(LEFT(B42,FIND("-",B42)-1),'MAPPING MD & SKENARIO'!$H$2:$I$42,2,FALSE) -> Kevin | I42: =VLOOKUP(H42,'MAPPING MD & SKENARIO'!$I$2:$J$42,2,FALSE) -> kevin.hardianus@muf.co.id | J42: =VLOOKUP(D42,'MAPPING MD & SKENARIO'!B:D,3,FALSE) -> 1.95 | K42: =J42*50% -> 0.975 | L42: 1 | M42: =ROUNDUP(SUM(J42:L42),0) -> 4
A43: 40 | B43: BYD003-11 | D43: FPD | E43: Proses FPD untuk data kontrak terkait | F43: 1. Akses menu FPD 2. Lakukan proses FPD | G43: 1. Berhasil akses menu FPD 2. Berhasil konfirmasi FPD | H43: =VLOOKUP(LEFT(B43,FIND("-",B43)-1),'MAPPING MD & SKENARIO'!$H$2:$I$42,2,FALSE) -> Kevin | I43: =VLOOKUP(H43,'MAPPING MD & SKENARIO'!$I$2:$J$42,2,FALSE) -> kevin.hardianus@muf.co.id | J43: =VLOOKUP(D43,'MAPPING MD & SKENARIO'!B:D,3,FALSE) -> 0.65 | K43: =J43*50% -> 0.325 | L43: 1 | M43: =ROUNDUP(SUM(J43:L43),0) -> 2
A44: 41 | B44: BYD003-12 | D44: Detail Application - Tracking Order | E44: Melakukan pengecekan informasi Order Digital pada Detail App | F44: 1. Akses menu Tracking Order 2. Klik button aksi dan klik lagi button Detail Application 3. Lakukan pengecekan informasi pada Tab Order Digital di Detail App-Tracking Order | G44: 1. Berhasil akses ke menu Tracking Order 2. Berhasil klik button aksi dan button detail application 3. Informasi pada Tab Order Digital sudah sesuai | H44: =VLOOKUP(LEFT(B44,FIND("-",B44)-1),'MAPPING MD & SKENARIO'!$H$2:$I$42,2,FALSE) -> Kevin | I44: =VLOOKUP(H44,'MAPPING MD & SKENARIO'!$I$2:$J$42,2,FALSE) -> kevin.hardianus@muf.co.id | J44: =VLOOKUP(D44,'MAPPING MD & SKENARIO'!B:D,3,FALSE) -> 0.65 | K44: =J44*50% -> 0.325 | L44: 1 | M44: =ROUNDUP(SUM(J44:L44),0) -> 2
A45: 42 | B45: BYD004-01 | C45: BS004 | D45: Web View BSI OTO | E45: Melakukan pengajuan data kontrak melalui Web View BSI BYOND | F45: 1. Akses menu Web View BSI BYOND 2. Melakukan inputan data kendaraan 3. Melakukan inputan simulasi pembiayaan 4. Melakukan inputan verifikasi data 5. Konfirmasi pengajuan | G45: 1. Berhasil akses menu Web View BSI BYOND 2. Berhasil melakukan inputan data kendaraan 3. Berhasil melakukan inputan simulasi pembiayaan 4. Berhasil melakukan inputan data nasabah 5. Berhasil submit pengajuan dari Web View BSI BYOND | H45: =VLOOKUP(LEFT(B45,FIND("-",B45)-1),'MAPPING MD & SKENARIO'!$H$2:$I$42,2,FALSE) -> Rasya | I45: =VLOOKUP(H45,'MAPPING MD & SKENARIO'!$I$2:$J$42,2,FALSE) -> rasya.raharjo@muf.co.id | J45: =VLOOKUP(D45,'MAPPING MD & SKENARIO'!B:D,3,FALSE) -> 1.3 | K45: =J45*50% -> 0.65 | L45: 1 | M45: =ROUNDUP(SUM(J45:L45),0) -> 3
A46: 43 | B46: BYD004-02 | D46: CBAS Digital | E46: Melakukan proses verifikasi administrasi atas pengajuan yang dilakukan sebelumnya | F46: 1. Akses menu CBAS Digital 2. Lakukan pengecekan data yang sudah terhit ke CBAS Digital 3. Cek callback actcode Tracking BSI pada database (Excel Lampiran BSI BYOND - Tracking BSI) | G46: 1. Berhasil akses menu CBAS Digital 2. Hasil screening data pada CBAS Digital untuk Verifikasi Administrasi sudah sesuai 3. Callback actcode sudah sesuai | H46: =VLOOKUP(LEFT(B46,FIND("-",B46)-1),'MAPPING MD & SKENARIO'!$H$2:$I$42,2,FALSE) -> Rasya | I46: =VLOOKUP(H46,'MAPPING MD & SKENARIO'!$I$2:$J$42,2,FALSE) -> rasya.raharjo@muf.co.id | J46: =VLOOKUP(D46,'MAPPING MD & SKENARIO'!B:D,3,FALSE) -> 1.95 | K46: =J46*50% -> 0.975 | L46: 1 | M46: =ROUNDUP(SUM(J46:L46),0) -> 4
A47: 44 | B47: BYD004-03 | D47: Email Notifikasi Submit Order | E47: Pengecekan kiriman data dan format email submit order | F47: 1. Buka e-mail 2. Pastikan e-email terkirim 3. Lakukan pengecekan format dan data pada kiriman e-mail | G47: 1. Berhasil akses e-mail 2. E-mail berhasil masuk ke Inbox 3. Format dan data terlampir pada e-mail sudah sesuai | H47: =VLOOKUP(LEFT(B47,FIND("-",B47)-1),'MAPPING MD & SKENARIO'!$H$2:$I$42,2,FALSE) -> Rasya | I47: =VLOOKUP(H47,'MAPPING MD & SKENARIO'!$I$2:$J$42,2,FALSE) -> rasya.raharjo@muf.co.id | J47: =VLOOKUP(D47,'MAPPING MD & SKENARIO'!B:D,3,FALSE) -> 0.26 | K47: =J47*50% -> 0.13 | L47: 1 | M47: =ROUNDUP(SUM(J47:L47),0) -> 2
A48: 45 | B48: BYD004-04 | D48: Entry Form Digital | E48: Pengecekan dan lanjutkan inputan data kontrak pada EFD MASS | F48: 1. Akses menu EFD 2. Proses lanjutkan inputan data 3. Lakukan pengecekan pada mapping submit order data terkait autofill data, penambahan field baru dan penambahan label baru (Excel Lampiran BSI BYOND - Sheet Mapping Submit Order) 4. Konfirmasi EFD 5. Cek callback actcode tracking BSI dan tracking order MASS (Excel Lampiran BSI BYOND - Tracking BSI) | G48: 1. Berhasil akses EFD 2. Berhasil melanjutkan inputan data 3. Terkait autofill, penambahan field dan penambahan label di EFD sudah sesuai 4. Berhasil konfirmasi EFD 5. Callback tracking BSI dan tracking order MASS sesuai | H48: =VLOOKUP(LEFT(B48,FIND("-",B48)-1),'MAPPING MD & SKENARIO'!$H$2:$I$42,2,FALSE) -> Rasya | I48: =VLOOKUP(H48,'MAPPING MD & SKENARIO'!$I$2:$J$42,2,FALSE) -> rasya.raharjo@muf.co.id | J48: =VLOOKUP(D48,'MAPPING MD & SKENARIO'!B:D,3,FALSE) -> 1.3 | K48: =J48*50% -> 0.65 | L48: 1 | M48: =ROUNDUP(SUM(J48:L48),0) -> 3
A49: 46 | B49: BYD004-05 | D49: Data Entry - Screening 2 | E49: Pengecekan dan proses lanjutkan inputan data kontrak pada SC2 | F49: 1. Akses menu To Do List SC2 2. Pengecekan penambahan informasi tipe order dan customer category pada tampilan data to do list sc2 3. Masuk ke form data entry SC2 4. Melakukan proses inputan data entry serta melakukan pengecekan mapping submit order data terkait autofill data, penambahan field baru dan penambahan label baru (Excel Lampiran BSI BYOND - Sheet Mapping Submit Order) 5. Input struktur kredit sesuai dengan matrix paket kredit (Excel Lampiran BSI BYOND - Sheet Matrix Paket Kredit Mobil Baru/Mobil Bekas/Motor Baru) 6. Konfirmasi data entry screening 2 7. Cek callback actcode tracking BSI dan tracking order MASS (Excel Lampiran BSI BYOND - Tracking BSI) | G49: 1. Berhasil masuk ke menu to do list SC2 2. Tambahan informasi pada tampilan to do list sudah sesuai 3. Berhasil masuk ke form data entry SC2 4. Berhasil menlanjutkan inputan dan autofill, penambahan field serta penambahan label sudah sesuai 5. Inputan struktur kredit sudah sesuai dengan matrix paket kredit 6. Berhasil konfirmasi 7. Callback tracking BSI dan tracking order MASS sesuai | H49: =VLOOKUP(LEFT(B49,FIND("-",B49)-1),'MAPPING MD & SKENARIO'!$H$2:$I$42,2,FALSE) -> Rasya | I49: =VLOOKUP(H49,'MAPPING MD & SKENARIO'!$I$2:$J$42,2,FALSE) -> rasya.raharjo@muf.co.id | J49: =VLOOKUP(D49,'MAPPING MD & SKENARIO'!B:D,3,FALSE) -> 2.6 | K49: =J49*50% -> 1.3 | L49: 1 | M49: =ROUNDUP(SUM(J49:L49),0) -> 5
A50: 47 | B50: BYD004-06 | D50: Tele Survey | E50: Proses actcode terima offer dan lanjutkan inputan data kontrak pada Tele Survey | F50: 1. Akses menu Tele Survey 2. Cek validasi ketika BSI BYOND belum accept offer 3. Lakukan proses accept offer 4. Akses form Tele Survey 5. Klik button Detail Application pada Tele Survey dan lakukan pengecekan informasi data pada Tab Order Digital 6. Lanjutkan proses inputan data pada Tele Survey 7. Konfirmasi Tele Survey 8. Cek callback actcode tracking BSI dan tracking order MASS (Excel Lampiran BSI BYOND - Tracking BSI) | G50: 1. Berhasil masuk ke menu Tele Survey 2. Validasi belum accept offer sudah sesuai 3. Berhasil proses accept offer 4. Berhasil masuk ke form Tele Survey 5. Berhasil klik button Detail Application dan informasi pada Tab Order Digital sudah sesuai 6. Berhasil input Tele Survey 7. Berhasil konfirmasi Tele Survey 8. Callback tracking BSI dan tracking order MASS sesuai | H50: =VLOOKUP(LEFT(B50,FIND("-",B50)-1),'MAPPING MD & SKENARIO'!$H$2:$I$42,2,FALSE) -> Rasya | I50: =VLOOKUP(H50,'MAPPING MD & SKENARIO'!$I$2:$J$42,2,FALSE) -> rasya.raharjo@muf.co.id | J50: =VLOOKUP(D50,'MAPPING MD & SKENARIO'!B:D,3,FALSE) -> 1.3 | K50: =J50*50% -> 0.65 | L50: 1 | M50: =ROUNDUP(SUM(J50:L50),0) -> 3
A51: 48 | B51: BYD004-07 | D51: KYC | E51: Proses inputan data pada KYC | F51: 1. Akses menu KYC 2. Klik button Detail Application pada KYC dan lakukan pengecekan informasi data pada Tab Order Digital 3. Lanjutkan proses inputan data pada KYC 4. Lakukan proses submit KYC 5. Cek callback actcode tracking BSI dan tracking order MASS (Excel Lampiran BSI BYOND - Tracking BSI) | G51: 1. Berhasil masuk ke menu KYC 2. Berhasil klik button Detail Application dan informasi pada Tab Order Digital sudah sesuai 3. Berhasil input KYC 4. Berhasil submit KYC 5. Callback tracking BSI dan tracking order MASS sesuai | H51: =VLOOKUP(LEFT(B51,FIND("-",B51)-1),'MAPPING MD & SKENARIO'!$H$2:$I$42,2,FALSE) -> Rasya | I51: =VLOOKUP(H51,'MAPPING MD & SKENARIO'!$I$2:$J$42,2,FALSE) -> rasya.raharjo@muf.co.id | J51: =VLOOKUP(D51,'MAPPING MD & SKENARIO'!B:D,3,FALSE) -> 1.3 | K51: =J51*50% -> 0.65 | L51: 1 | M51: =ROUNDUP(SUM(J51:L51),0) -> 3
A52: 49 | B52: BYD004-08 | D52: PO/CL | E52: Melakukan cetak PO | F52: 1. Akses menu PO 2. Lakukan proses cetak PO 3. Cek callback actcode tracking BSI dan tracking order MASS (Excel Lampiran BSI BYOND - Tracking BSI) | G52: 1. Berhasil masuk ke menu PO 2. Berhasil cetak PO 3. Callback tracking BSI dan tracking order MASS sesuai | H52: =VLOOKUP(LEFT(B52,FIND("-",B52)-1),'MAPPING MD & SKENARIO'!$H$2:$I$42,2,FALSE) -> Rasya | I52: =VLOOKUP(H52,'MAPPING MD & SKENARIO'!$I$2:$J$42,2,FALSE) -> rasya.raharjo@muf.co.id | J52: =VLOOKUP(D52,'MAPPING MD & SKENARIO'!B:D,3,FALSE) -> 0.65 | K52: =J52*50% -> 0.325 | L52: 1 | M52: =ROUNDUP(SUM(J52:L52),0) -> 2
A53: 50 | B53: BYD004-09 | D53: FDE | E53: Proses Full Data Entry (FDE) untuk data kontrak terkait | F53: 1. Akses menu FDE 2. Lakukan pengecekan informasi pada Tab Order Digital di FDE 3. Proses inputan pada FDE 4. Konfirmasi FDE 5. Cek callback actcode tracking BSI dan tracking order MASS (Excel Lampiran BSI BYOND - Tracking BSI) | G53: 1. Berhasil masuk ke menu FDE 2. Informasi pada Tab Order Digital sudah sesuai 3. Proses input FDE berhasil 4. Callback tracking BSI dan tracking order MASS sesuai | H53: =VLOOKUP(LEFT(B53,FIND("-",B53)-1),'MAPPING MD & SKENARIO'!$H$2:$I$42,2,FALSE) -> Rasya | I53: =VLOOKUP(H53,'MAPPING MD & SKENARIO'!$I$2:$J$42,2,FALSE) -> rasya.raharjo@muf.co.id | J53: =VLOOKUP(D53,'MAPPING MD & SKENARIO'!B:D,3,FALSE) -> 2.6 | K53: =J53*50% -> 1.3 | L53: 1 | M53: =ROUNDUP(SUM(J53:L53),0) -> 5
A54: 51 | B54: BYD004-10 | D54: Verifikasi Data-PPD | E54: Proses Verifikasi Data sampai dengan PPD untuk data kontrak terkait | F54: 1. Akses menu Verdat 2. Lakukan proses verdat sampai dengan PPD 3. Lakukan pengecekan informasi pada Tab Order Digital di Verdat 4. Konfirmasi proses Verdat 5. Save dan konfirmasi proses PPD 6. Cek callback actcode tracking BSI dan tracking order MASS (Excel Lampiran BSI BYOND - Tracking BSI) | G54: 1. Berhasil akses ke menu Verdat 2. Berhasil melakukan proses verdat sampai PPD 3. Informasi pada Tab Order Digital sudah sesuai 4. Berhasil konfirmasi proses verdat 5. Berhasil konfirmasi PPD 6. Callback tracking BSI dan tracking order MASS sesuai | H54: =VLOOKUP(LEFT(B54,FIND("-",B54)-1),'MAPPING MD & SKENARIO'!$H$2:$I$42,2,FALSE) -> Rasya | I54: =VLOOKUP(H54,'MAPPING MD & SKENARIO'!$I$2:$J$42,2,FALSE) -> rasya.raharjo@muf.co.id | J54: =VLOOKUP(D54,'MAPPING MD & SKENARIO'!B:D,3,FALSE) -> 1.95 | K54: =J54*50% -> 0.975 | L54: 1 | M54: =ROUNDUP(SUM(J54:L54),0) -> 4
A55: 52 | B55: BYD004-11 | D55: FPD | E55: Proses FPD untuk data kontrak terkait | F55: 1. Akses menu FPD 2. Lakukan proses FPD | G55: 1. Berhasil akses menu FPD 2. Berhasil konfirmasi FPD | H55: =VLOOKUP(LEFT(B55,FIND("-",B55)-1),'MAPPING MD & SKENARIO'!$H$2:$I$42,2,FALSE) -> Rasya | I55: =VLOOKUP(H55,'MAPPING MD & SKENARIO'!$I$2:$J$42,2,FALSE) -> rasya.raharjo@muf.co.id | J55: =VLOOKUP(D55,'MAPPING MD & SKENARIO'!B:D,3,FALSE) -> 0.65 | K55: =J55*50% -> 0.325 | L55: 1 | M55: =ROUNDUP(SUM(J55:L55),0) -> 2
A56: 53 | B56: BYD004-12 | D56: Detail Application - Tracking Order | E56: Melakukan pengecekan informasi Order Digital pada Detail App | F56: 1. Akses menu Tracking Order 2. Klik button aksi dan klik lagi button Detail Application 3. Lakukan pengecekan informasi pada Tab Order Digital di Detail App-Tracking Order | G56: 1. Berhasil akses ke menu Tracking Order 2. Berhasil klik button aksi dan button detail application 3. Informasi pada Tab Order Digital sudah sesuai | H56: =VLOOKUP(LEFT(B56,FIND("-",B56)-1),'MAPPING MD & SKENARIO'!$H$2:$I$42,2,FALSE) -> Rasya | I56: =VLOOKUP(H56,'MAPPING MD & SKENARIO'!$I$2:$J$42,2,FALSE) -> rasya.raharjo@muf.co.id | J56: =VLOOKUP(D56,'MAPPING MD & SKENARIO'!B:D,3,FALSE) -> 0.65 | K56: =J56*50% -> 0.325 | L56: 1 | M56: =ROUNDUP(SUM(J56:L56),0) -> 2
A57: 54 | B57: BYD005-01 | C57: BS005 | D57: Web View BSI OTO | E57: Melakukan pengajuan data kontrak melalui Web View BSI BYOND | F57: 1. Akses menu Web View BSI BYOND 2. Melakukan inputan data kendaraan 3. Melakukan inputan simulasi pembiayaan 4. Melakukan inputan verifikasi data 5. Konfirmasi pengajuan | G57: 1. Berhasil akses menu Web View BSI BYOND 2. Berhasil melakukan inputan data kendaraan 3. Berhasil melakukan inputan simulasi pembiayaan 4. Berhasil melakukan inputan data nasabah 5. Berhasil submit pengajuan dari Web View BSI BYOND | H57: =VLOOKUP(LEFT(B57,FIND("-",B57)-1),'MAPPING MD & SKENARIO'!$H$2:$I$42,2,FALSE) -> Azhar | I57: =VLOOKUP(H57,'MAPPING MD & SKENARIO'!$I$2:$J$42,2,FALSE) -> azhar.azhar@muf.co.id | J57: =VLOOKUP(D57,'MAPPING MD & SKENARIO'!B:D,3,FALSE) -> 1.3 | K57: =J57*50% -> 0.65 | L57: 1 | M57: =ROUNDUP(SUM(J57:L57),0) -> 3
A58: 55 | B58: BYD005-02 | D58: CBAS Digital | E58: Melakukan proses verifikasi administrasi atas pengajuan yang dilakukan sebelumnya | F58: 1. Akses menu CBAS Digital 2. Lakukan pengecekan data yang sudah terhit ke CBAS Digital 3. Cek callback actcode Tracking BSI pada database (Excel Lampiran BSI BYOND - Tracking BSI) | G58: 1. Berhasil akses menu CBAS Digital 2. Hasil screening data pada CBAS Digital untuk Verifikasi Administrasi sudah sesuai 3. Callback actcode sudah sesuai | H58: =VLOOKUP(LEFT(B58,FIND("-",B58)-1),'MAPPING MD & SKENARIO'!$H$2:$I$42,2,FALSE) -> Azhar | I58: =VLOOKUP(H58,'MAPPING MD & SKENARIO'!$I$2:$J$42,2,FALSE) -> azhar.azhar@muf.co.id | J58: =VLOOKUP(D58,'MAPPING MD & SKENARIO'!B:D,3,FALSE) -> 1.95 | K58: =J58*50% -> 0.975 | L58: 1 | M58: =ROUNDUP(SUM(J58:L58),0) -> 4
A59: 56 | B59: BYD005-03 | D59: Email Notifikasi Submit Order | E59: Pengecekan kiriman data dan format email submit order | F59: 1. Buka e-mail 2. Pastikan e-email terkirim 3. Lakukan pengecekan format dan data pada kiriman e-mail | G59: 1. Berhasil akses e-mail 2. E-mail berhasil masuk ke Inbox 3. Format dan data terlampir pada e-mail sudah sesuai | H59: =VLOOKUP(LEFT(B59,FIND("-",B59)-1),'MAPPING MD & SKENARIO'!$H$2:$I$42,2,FALSE) -> Azhar | I59: =VLOOKUP(H59,'MAPPING MD & SKENARIO'!$I$2:$J$42,2,FALSE) -> azhar.azhar@muf.co.id | J59: =VLOOKUP(D59,'MAPPING MD & SKENARIO'!B:D,3,FALSE) -> 0.26 | K59: =J59*50% -> 0.13 | L59: 1 | M59: =ROUNDUP(SUM(J59:L59),0) -> 2
A60: 57 | B60: BYD005-04 | D60: Entry Form Digital | E60: Pengecekan dan lanjutkan inputan data kontrak pada EFD MASS | F60: 1. Akses menu EFD 2. Proses lanjutkan inputan data 3. Lakukan pengecekan pada mapping submit order data terkait autofill data, penambahan field baru dan penambahan label baru (Excel Lampiran BSI BYOND - Sheet Mapping Submit Order) 4. Konfirmasi EFD 5. Cek callback actcode tracking BSI dan tracking order MASS (Excel Lampiran BSI BYOND - Tracking BSI) | G60: 1. Berhasil akses EFD 2. Berhasil melanjutkan inputan data 3. Terkait autofill, penambahan field dan penambahan label di EFD sudah sesuai 4. Berhasil konfirmasi EFD 5. Callback tracking BSI dan tracking order MASS sesuai | H60: =VLOOKUP(LEFT(B60,FIND("-",B60)-1),'MAPPING MD & SKENARIO'!$H$2:$I$42,2,FALSE) -> Azhar | I60: =VLOOKUP(H60,'MAPPING MD & SKENARIO'!$I$2:$J$42,2,FALSE) -> azhar.azhar@muf.co.id | J60: =VLOOKUP(D60,'MAPPING MD & SKENARIO'!B:D,3,FALSE) -> 1.3 | K60: =J60*50% -> 0.65 | L60: 1 | M60: =ROUNDUP(SUM(J60:L60),0) -> 3
A61: 58 | B61: BYD005-05 | D61: Data Entry - Screening 2 | E61: Pengecekan dan proses lanjutkan inputan data kontrak pada SC2 | F61: 1. Akses menu To Do List SC2 2. Pengecekan penambahan informasi tipe order dan customer category pada tampilan data to do list sc2 3. Masuk ke form data entry SC2 4. Melakukan proses inputan data entry serta melakukan pengecekan mapping submit order data terkait autofill data, penambahan field baru dan penambahan label baru (Excel Lampiran BSI BYOND - Sheet Mapping Submit Order) 5. Input struktur kredit sesuai dengan matrix paket kredit (Excel Lampiran BSI BYOND - Sheet Matrix Paket Kredit Mobil Baru/Mobil Bekas/Motor Baru) 6. Konfirmasi data entry screening 2 7. Cek callback actcode tracking BSI dan tracking order MASS (Excel Lampiran BSI BYOND - Tracking BSI) | G61: 1. Berhasil masuk ke menu to do list SC2 2. Tambahan informasi pada tampilan to do list sudah sesuai 3. Berhasil masuk ke form data entry SC2 4. Berhasil menlanjutkan inputan dan autofill, penambahan field serta penambahan label sudah sesuai 5. Inputan struktur kredit sudah sesuai dengan matrix paket kredit 6. Berhasil konfirmasi 7. Callback tracking BSI dan tracking order MASS sesuai | H61: =VLOOKUP(LEFT(B61,FIND("-",B61)-1),'MAPPING MD & SKENARIO'!$H$2:$I$42,2,FALSE) -> Azhar | I61: =VLOOKUP(H61,'MAPPING MD & SKENARIO'!$I$2:$J$42,2,FALSE) -> azhar.azhar@muf.co.id | J61: =VLOOKUP(D61,'MAPPING MD & SKENARIO'!B:D,3,FALSE) -> 2.6 | K61: =J61*50% -> 1.3 | L61: 1 | M61: =ROUNDUP(SUM(J61:L61),0) -> 5
A62: 59 | B62: BYD005-06 | D62: Reguler Survey | E62: Proses actcode terima offer dan lanjutkan inputan data kontrak pada Reguler Survey | F62: 1. Akses menu Reguler Survey 2. Cek validasi ketika BSI BYOND belum accept offer 3. Lakukan proses accept offer 4. Akses form Reguler Survey 5. Klik button Detail Application pada Reguler Survey dan lakukan pengecekan informasi data pada Tab Order Digital 6. lanjutkan proses inputan data pada Reguler Survey 7. Konfirmasi Reguler Survey 8. Cek callback actcode tracking BSI dan tracking order MASS (Excel Lampiran BSI BYOND - Tracking BSI) | G62: 1. Berhasil masuk ke menu Reguler Survey 2. Validasi belum accept offer sudah sesuai 3. Berhasil proses accept offer 4. Berhasil masuk ke form Reguler Survey 5. Berhasil klik button Detail Application dan informasi pada Tab Order Digital sudah sesuai 6. Berhasil input Reguler Survey 7. Berhasil konfirmasi Reguler Survey 8. Callback tracking BSI dan tracking order MASS sesuai | H62: =VLOOKUP(LEFT(B62,FIND("-",B62)-1),'MAPPING MD & SKENARIO'!$H$2:$I$42,2,FALSE) -> Azhar | I62: =VLOOKUP(H62,'MAPPING MD & SKENARIO'!$I$2:$J$42,2,FALSE) -> azhar.azhar@muf.co.id | J62: =VLOOKUP(D62,'MAPPING MD & SKENARIO'!B:D,3,FALSE) -> 1.3 | K62: =J62*50% -> 0.65 | L62: 1 | M62: =ROUNDUP(SUM(J62:L62),0) -> 3
A63: 60 | B63: BYD005-07 | D63: Credit Approval (CA) | E63: Pengecekan dan lanjutkan proses data kontrak pada Credit Approval (CA) | F63: 1. Akses menu Credit Approval 2. Lakukan pengecekan informasi pada Tab Order Digital di CA 3. Lakukan proses approval sampai full approved 4. Cek callback actcode tracking BSI dan tracking order MASS (Excel Lampiran BSI BYOND - Tracking BSI) | G63: 1. Berhasil masuk ke menu CA 2. Informasi pada Tab Order Digital sudah sesuai 3. Data kontrak berhasil full approved 4. Callback tracking BSI dan tracking order MASS sesuai | H63: =VLOOKUP(LEFT(B63,FIND("-",B63)-1),'MAPPING MD & SKENARIO'!$H$2:$I$42,2,FALSE) -> Azhar | I63: =VLOOKUP(H63,'MAPPING MD & SKENARIO'!$I$2:$J$42,2,FALSE) -> azhar.azhar@muf.co.id | J63: =VLOOKUP(D63,'MAPPING MD & SKENARIO'!B:D,3,FALSE) -> 2.6 | K63: =J63*50% -> 1.3 | L63: 1 | M63: =ROUNDUP(SUM(J63:L63),0) -> 5
A64: 61 | B64: BYD005-08 | D64: PO/CL | E64: Melakukan cetak PO | F64: 1. Akses menu PO 2. Lakukan proses cetak PO 3. Cek callback actcode tracking BSI dan tracking order MASS (Excel Lampiran BSI BYOND - Tracking BSI) | G64: 1. Berhasil masuk ke menu PO 2. Berhasil cetak PO 3. Callback tracking BSI dan tracking order MASS sesuai | H64: =VLOOKUP(LEFT(B64,FIND("-",B64)-1),'MAPPING MD & SKENARIO'!$H$2:$I$42,2,FALSE) -> Azhar | I64: =VLOOKUP(H64,'MAPPING MD & SKENARIO'!$I$2:$J$42,2,FALSE) -> azhar.azhar@muf.co.id | J64: =VLOOKUP(D64,'MAPPING MD & SKENARIO'!B:D,3,FALSE) -> 0.65 | K64: =J64*50% -> 0.325 | L64: 1 | M64: =ROUNDUP(SUM(J64:L64),0) -> 2
A65: 62 | B65: BYD005-09 | D65: FDE | E65: Proses Full Data Entry (FDE) untuk data kontrak terkait | F65: 1. Akses menu FDE 2. Lakukan pengecekan informasi pada Tab Order Digital di FDE 3. Proses inputan pada FDE 4. Konfirmasi FDE 5. Cek callback actcode tracking BSI dan tracking order MASS (Excel Lampiran BSI BYOND - Tracking BSI) | G65: 1. Berhasil masuk ke menu FDE 2. Informasi pada Tab Order Digital sudah sesuai 3. Proses input FDE berhasil 4. Callback tracking BSI dan tracking order MASS sesuai | H65: =VLOOKUP(LEFT(B65,FIND("-",B65)-1),'MAPPING MD & SKENARIO'!$H$2:$I$42,2,FALSE) -> Azhar | I65: =VLOOKUP(H65,'MAPPING MD & SKENARIO'!$I$2:$J$42,2,FALSE) -> azhar.azhar@muf.co.id | J65: =VLOOKUP(D65,'MAPPING MD & SKENARIO'!B:D,3,FALSE) -> 2.6 | K65: =J65*50% -> 1.3 | L65: 1 | M65: =ROUNDUP(SUM(J65:L65),0) -> 5
A66: 63 | B66: BYD005-10 | D66: Verifikasi Data-PPD | E66: Proses Verifikasi Data sampai dengan PPD untuk data kontrak terkait | F66: 1. Akses menu Verdat 2. Lakukan proses verdat sampai dengan PPD 3. Lakukan pengecekan informasi pada Tab Order Digital di Verdat 4. Konfirmasi proses Verdat 5. Save dan konfirmasi proses PPD 6. Cek callback actcode tracking BSI dan tracking order MASS (Excel Lampiran BSI BYOND - Tracking BSI) | G66: 1. Berhasil akses ke menu Verdat 2. Berhasil melakukan proses verdat sampai PPD 3. Informasi pada Tab Order Digital sudah sesuai 4. Berhasil konfirmasi proses verdat 5. Berhasil konfirmasi PPD 6. Callback tracking BSI dan tracking order MASS sesuai | H66: =VLOOKUP(LEFT(B66,FIND("-",B66)-1),'MAPPING MD & SKENARIO'!$H$2:$I$42,2,FALSE) -> Azhar | I66: =VLOOKUP(H66,'MAPPING MD & SKENARIO'!$I$2:$J$42,2,FALSE) -> azhar.azhar@muf.co.id | J66: =VLOOKUP(D66,'MAPPING MD & SKENARIO'!B:D,3,FALSE) -> 1.95 | K66: =J66*50% -> 0.975 | L66: 1 | M66: =ROUNDUP(SUM(J66:L66),0) -> 4
A67: 64 | B67: BYD005-11 | D67: FPD | E67: Proses FPD untuk data kontrak terkait | F67: 1. Akses menu FPD 2. Lakukan proses FPD | G67: 1. Berhasil akses menu FPD 2. Berhasil konfirmasi FPD | H67: =VLOOKUP(LEFT(B67,FIND("-",B67)-1),'MAPPING MD & SKENARIO'!$H$2:$I$42,2,FALSE) -> Azhar | I67: =VLOOKUP(H67,'MAPPING MD & SKENARIO'!$I$2:$J$42,2,FALSE) -> azhar.azhar@muf.co.id | J67: =VLOOKUP(D67,'MAPPING MD & SKENARIO'!B:D,3,FALSE) -> 0.65 | K67: =J67*50% -> 0.325 | L67: 1 | M67: =ROUNDUP(SUM(J67:L67),0) -> 2
A68: 65 | B68: BYD005-12 | D68: Detail Application - Tracking Order | E68: Melakukan pengecekan informasi Order Digital pada Detail App | F68: 1. Akses menu Tracking Order 2. Klik button aksi dan klik lagi button Detail Application 3. Lakukan pengecekan informasi pada Tab Order Digital di Detail App-Tracking Order | G68: 1. Berhasil akses ke menu Tracking Order 2. Berhasil klik button aksi dan button detail application 3. Informasi pada Tab Order Digital sudah sesuai | H68: =VLOOKUP(LEFT(B68,FIND("-",B68)-1),'MAPPING MD & SKENARIO'!$H$2:$I$42,2,FALSE) -> Azhar | I68: =VLOOKUP(H68,'MAPPING MD & SKENARIO'!$I$2:$J$42,2,FALSE) -> azhar.azhar@muf.co.id | J68: =VLOOKUP(D68,'MAPPING MD & SKENARIO'!B:D,3,FALSE) -> 0.65 | K68: =J68*50% -> 0.325 | L68: 1 | M68: =ROUNDUP(SUM(J68:L68),0) -> 2
A69: 66 | B69: BYD006-01 | C69: BS006 | D69: Web View BSI OTO | E69: Melakukan pengajuan data kontrak melalui Web View BSI BYOND | F69: 1. Akses menu Web View BSI BYOND 2. Melakukan inputan data kendaraan 3. Melakukan inputan simulasi pembiayaan 4. Melakukan inputan verifikasi data 5. Konfirmasi pengajuan | G69: 1. Berhasil akses menu Web View BSI BYOND 2. Berhasil melakukan inputan data kendaraan 3. Berhasil melakukan inputan simulasi pembiayaan 4. Berhasil melakukan inputan data nasabah 5. Berhasil submit pengajuan dari Web View BSI BYOND | H69: =VLOOKUP(LEFT(B69,FIND("-",B69)-1),'MAPPING MD & SKENARIO'!$H$2:$I$42,2,FALSE) -> Affinia | I69: =VLOOKUP(H69,'MAPPING MD & SKENARIO'!$I$2:$J$42,2,FALSE) -> affinia.by@muf.co.id | J69: =VLOOKUP(D69,'MAPPING MD & SKENARIO'!B:D,3,FALSE) -> 1.3 | K69: =J69*50% -> 0.65 | L69: 1 | M69: =ROUNDUP(SUM(J69:L69),0) -> 3
A70: 67 | B70: BYD006-02 | D70: CBAS Digital | E70: Melakukan proses verifikasi administrasi atas pengajuan yang dilakukan sebelumnya | F70: 1. Akses menu CBAS Digital 2. Lakukan pengecekan data yang sudah terhit ke CBAS Digital 3. Cek callback actcode Tracking BSI pada database (Excel Lampiran BSI BYOND - Tracking BSI) | G70: 1. Berhasil akses menu CBAS Digital 2. Hasil screening data pada CBAS Digital untuk Verifikasi Administrasi sudah sesuai 3. Callback actcode sudah sesuai | H70: =VLOOKUP(LEFT(B70,FIND("-",B70)-1),'MAPPING MD & SKENARIO'!$H$2:$I$42,2,FALSE) -> Affinia | I70: =VLOOKUP(H70,'MAPPING MD & SKENARIO'!$I$2:$J$42,2,FALSE) -> affinia.by@muf.co.id | J70: =VLOOKUP(D70,'MAPPING MD & SKENARIO'!B:D,3,FALSE) -> 1.95 | K70: =J70*50% -> 0.975 | L70: 1 | M70: =ROUNDUP(SUM(J70:L70),0) -> 4
A71: 68 | B71: BYD006-03 | D71: Email Notifikasi Submit Order | E71: Pengecekan kiriman data dan format email submit order | F71: 1. Buka e-mail 2. Pastikan e-email terkirim 3. Lakukan pengecekan format dan data pada kiriman e-mail | G71: 1. Berhasil akses e-mail 2. E-mail berhasil masuk ke Inbox 3. Format dan data terlampir pada e-mail sudah sesuai | H71: =VLOOKUP(LEFT(B71,FIND("-",B71)-1),'MAPPING MD & SKENARIO'!$H$2:$I$42,2,FALSE) -> Affinia | I71: =VLOOKUP(H71,'MAPPING MD & SKENARIO'!$I$2:$J$42,2,FALSE) -> affinia.by@muf.co.id | J71: =VLOOKUP(D71,'MAPPING MD & SKENARIO'!B:D,3,FALSE) -> 0.26 | K71: =J71*50% -> 0.13 | L71: 1 | M71: =ROUNDUP(SUM(J71:L71),0) -> 2
A72: 69 | B72: BYD006-04 | D72: Entry Form Digital | E72: Pengecekan dan lanjutkan inputan data kontrak pada EFD MASS | F72: 1. Akses menu EFD 2. Proses lanjutkan inputan data 3. Lakukan pengecekan pada mapping submit order data terkait autofill data, penambahan field baru dan penambahan label baru (Excel Lampiran BSI BYOND - Sheet Mapping Submit Order) 4. Konfirmasi EFD 5. Cek callback actcode tracking BSI dan tracking order MASS (Excel Lampiran BSI BYOND - Tracking BSI) | G72: 1. Berhasil akses EFD 2. Berhasil melanjutkan inputan data 3. Terkait autofill, penambahan field dan penambahan label di EFD sudah sesuai 4. Berhasil konfirmasi EFD 5. Callback tracking BSI dan tracking order MASS sesuai | H72: =VLOOKUP(LEFT(B72,FIND("-",B72)-1),'MAPPING MD & SKENARIO'!$H$2:$I$42,2,FALSE) -> Affinia | I72: =VLOOKUP(H72,'MAPPING MD & SKENARIO'!$I$2:$J$42,2,FALSE) -> affinia.by@muf.co.id | J72: =VLOOKUP(D72,'MAPPING MD & SKENARIO'!B:D,3,FALSE) -> 1.3 | K72: =J72*50% -> 0.65 | L72: 1 | M72: =ROUNDUP(SUM(J72:L72),0) -> 3
A73: 70 | B73: BYD006-05 | D73: Data Entry - Screening 2 | E73: Pengecekan dan proses lanjutkan inputan data kontrak pada SC2 | F73: 1. Akses menu To Do List SC2 2. Pengecekan penambahan informasi tipe order dan customer category pada tampilan data to do list sc2 3. Masuk ke form data entry SC2 4. Melakukan proses inputan data entry serta melakukan pengecekan mapping submit order data terkait autofill data, penambahan field baru dan penambahan label baru (Excel Lampiran BSI BYOND - Sheet Mapping Submit Order) 5. Input struktur kredit sesuai dengan matrix paket kredit (Excel Lampiran BSI BYOND - Sheet Matrix Paket Kredit Mobil Baru/Mobil Bekas/Motor Baru) 6. Konfirmasi data entry screening 2 7. Cek callback actcode tracking BSI dan tracking order MASS (Excel Lampiran BSI BYOND - Tracking BSI) | G73: 1. Berhasil masuk ke menu to do list SC2 2. Tambahan informasi pada tampilan to do list sudah sesuai 3. Berhasil masuk ke form data entry SC2 4. Berhasil menlanjutkan inputan dan autofill, penambahan field serta penambahan label sudah sesuai 5. Inputan struktur kredit sudah sesuai dengan matrix paket kredit 6. Berhasil konfirmasi 7. Callback tracking BSI dan tracking order MASS sesuai | H73: =VLOOKUP(LEFT(B73,FIND("-",B73)-1),'MAPPING MD & SKENARIO'!$H$2:$I$42,2,FALSE) -> Affinia | I73: =VLOOKUP(H73,'MAPPING MD & SKENARIO'!$I$2:$J$42,2,FALSE) -> affinia.by@muf.co.id | J73: =VLOOKUP(D73,'MAPPING MD & SKENARIO'!B:D,3,FALSE) -> 2.6 | K73: =J73*50% -> 1.3 | L73: 1 | M73: =ROUNDUP(SUM(J73:L73),0) -> 5
A74: 71 | B74: BYD006-06 | D74: Reguler Survey | E74: Proses actcode terima offer dan lanjutkan inputan data kontrak pada Reguler Survey | F74: 1. Akses menu Reguler Survey 2. Cek validasi ketika BSI BYOND belum accept offer 3. Lakukan proses accept offer 4. Akses form Reguler Survey 5. Klik button Detail Application pada Reguler Survey dan lakukan pengecekan informasi data pada Tab Order Digital 6. lanjutkan proses inputan data pada Reguler Survey 7. Konfirmasi Reguler Survey 8. Cek callback actcode tracking BSI dan tracking order MASS (Excel Lampiran BSI BYOND - Tracking BSI) | G74: 1. Berhasil masuk ke menu Reguler Survey 2. Validasi belum accept offer sudah sesuai 3. Berhasil proses accept offer 4. Berhasil masuk ke form Reguler Survey 5. Berhasil klik button Detail Application dan informasi pada Tab Order Digital sudah sesuai 6. Berhasil input Reguler Survey 7. Berhasil konfirmasi Reguler Survey 8. Callback tracking BSI dan tracking order MASS sesuai | H74: =VLOOKUP(LEFT(B74,FIND("-",B74)-1),'MAPPING MD & SKENARIO'!$H$2:$I$42,2,FALSE) -> Affinia | I74: =VLOOKUP(H74,'MAPPING MD & SKENARIO'!$I$2:$J$42,2,FALSE) -> affinia.by@muf.co.id | J74: =VLOOKUP(D74,'MAPPING MD & SKENARIO'!B:D,3,FALSE) -> 1.3 | K74: =J74*50% -> 0.65 | L74: 1 | M74: =ROUNDUP(SUM(J74:L74),0) -> 3
A75: 72 | B75: BYD006-07 | D75: CBAS MASS | E75: Melakukan proses pengecekan inquiry data | F75: 1. Akses menu CBAS MASS 2. Lakukan pengecekan inquiry data yang sudah terhit ke CBAS MASS 3. Cek callback actcode Tracking BSI pada database (Excel Lampiran BSI BYOND - Tracking BSI) | G75: 1. Berhasil akses menu CBAS MASS 2. Hasil inquiry pada CBAS MASS sudah sesuai 3. Callback actcode sudah sesuai | H75: =VLOOKUP(LEFT(B75,FIND("-",B75)-1),'MAPPING MD & SKENARIO'!$H$2:$I$42,2,FALSE) -> Affinia | I75: =VLOOKUP(H75,'MAPPING MD & SKENARIO'!$I$2:$J$42,2,FALSE) -> affinia.by@muf.co.id | J75: =VLOOKUP(D75,'MAPPING MD & SKENARIO'!B:D,3,FALSE) -> 1.95 | K75: =J75*50% -> 0.975 | L75: 1 | M75: =ROUNDUP(SUM(J75:L75),0) -> 4
A76: 73 | B76: BYD006-08 | D76: Credit Approval (CA) | E76: Pengecekan dan lanjutkan proses data kontrak pada Credit Approval (CA) | F76: 1. Akses menu Credit Approval 2. Lakukan pengecekan informasi pada Tab Order Digital di CA 3. Lakukan proses approval sampai full approved 4. Cek callback actcode tracking BSI dan tracking order MASS (Excel Lampiran BSI BYOND - Tracking BSI) | G76: 1. Berhasil masuk ke menu CA 2. Informasi pada Tab Order Digital sudah sesuai 3. Data kontrak berhasil full approved 4. Callback tracking BSI dan tracking order MASS sesuai | H76: =VLOOKUP(LEFT(B76,FIND("-",B76)-1),'MAPPING MD & SKENARIO'!$H$2:$I$42,2,FALSE) -> Affinia | I76: =VLOOKUP(H76,'MAPPING MD & SKENARIO'!$I$2:$J$42,2,FALSE) -> affinia.by@muf.co.id | J76: =VLOOKUP(D76,'MAPPING MD & SKENARIO'!B:D,3,FALSE) -> 2.6 | K76: =J76*50% -> 1.3 | L76: 1 | M76: =ROUNDUP(SUM(J76:L76),0) -> 5
A77: 74 | B77: BYD006-09 | D77: PO/CL | E77: Melakukan cetak PO | F77: 1. Akses menu PO 2. Lakukan proses cetak PO 3. Cek callback actcode tracking BSI dan tracking order MASS (Excel Lampiran BSI BYOND - Tracking BSI) | G77: 1. Berhasil masuk ke menu PO 2. Berhasil cetak PO 3. Callback tracking BSI dan tracking order MASS sesuai | H77: =VLOOKUP(LEFT(B77,FIND("-",B77)-1),'MAPPING MD & SKENARIO'!$H$2:$I$42,2,FALSE) -> Affinia | I77: =VLOOKUP(H77,'MAPPING MD & SKENARIO'!$I$2:$J$42,2,FALSE) -> affinia.by@muf.co.id | J77: =VLOOKUP(D77,'MAPPING MD & SKENARIO'!B:D,3,FALSE) -> 0.65 | K77: =J77*50% -> 0.325 | L77: 1 | M77: =ROUNDUP(SUM(J77:L77),0) -> 2
A78: 75 | B78: BYD006-10 | D78: FDE | E78: Proses Full Data Entry (FDE) untuk data kontrak terkait | F78: 1. Akses menu FDE 2. Lakukan pengecekan informasi pada Tab Order Digital di FDE 3. Lakukan request RTRE pada FDE 4. Konfirmasi RTRE pada FDE | G78: 1. Berhasil masuk ke menu FDE 2. Informasi pada Tab Order Digital sudah sesuai 3. Proses request RTRE pada FDE berhasil 4. Berhasil konfirmasi RTRE pada FDE | H78: =VLOOKUP(LEFT(B78,FIND("-",B78)-1),'MAPPING MD & SKENARIO'!$H$2:$I$42,2,FALSE) -> Affinia | I78: =VLOOKUP(H78,'MAPPING MD & SKENARIO'!$I$2:$J$42,2,FALSE) -> affinia.by@muf.co.id | J78: =VLOOKUP(D78,'MAPPING MD & SKENARIO'!B:D,3,FALSE) -> 2.6 | K78: =J78*50% -> 1.3 | L78: 1 | M78: =ROUNDUP(SUM(J78:L78),0) -> 5
A79: 76 | B79: BYD006-11 | D79: Approval Return | E79: Melakukan proses approval data kontrak untuk proses RTRE | F79: 1. Akses menu Approval Return 2. Lakukan proses approve data kontrak yang akan dilakukan RTRE | G79: 1. Berhasil akses menu Approval Return 2. Berhasil proses approve data kontrak yang akan dilakukan RTRE | H79: =VLOOKUP(LEFT(B79,FIND("-",B79)-1),'MAPPING MD & SKENARIO'!$H$2:$I$42,2,FALSE) -> Affinia | I79: =VLOOKUP(H79,'MAPPING MD & SKENARIO'!$I$2:$J$42,2,FALSE) -> affinia.by@muf.co.id | J79: =VLOOKUP(D79,'MAPPING MD & SKENARIO'!B:D,3,FALSE) -> 0.65 | K79: =J79*50% -> 0.325 | L79: 1 | M79: =ROUNDUP(SUM(J79:L79),0) -> 2
A80: 77 | B80: BYD006-12 | D80: RTRE | E80: Pengecekan dan proses RTRE dengan kondisi tanggal di bawah tanggal 15 | F80: 1. Akses menu RTRE 2. Lakukan perubahan data ketika proses RTRE di bawah tanggal 15 3. Submit proses RTRE 4. Cek callback actcode Tracking BSI pada database (Excel Lampiran BSI BYOND - Tracking BSI) | G80: 1. Berhasil akses menu RTRE 2. Data kontrak sesuai dan berhasil merubah data ketika proses RTRE di bawah tanggal 15 3. Berhasil submit proses RTRE 4. Callback actcode sudah sesuai | H80: =VLOOKUP(LEFT(B80,FIND("-",B80)-1),'MAPPING MD & SKENARIO'!$H$2:$I$42,2,FALSE) -> Affinia | I80: =VLOOKUP(H80,'MAPPING MD & SKENARIO'!$I$2:$J$42,2,FALSE) -> affinia.by@muf.co.id | J80: =VLOOKUP(D80,'MAPPING MD & SKENARIO'!B:D,3,FALSE) -> 1.95 | K80: =J80*50% -> 0.975 | L80: 1 | M80: =ROUNDUP(SUM(J80:L80),0) -> 4
A81: 78 | B81: BYD006-13 | D81: CBAS MASS | E81: Pengecekan Hasil Hit CBAS ketika Confirm RTRE | F81: 1. Akses menu CBAS MASS 2. Lakukan pengecekan data yang sudah terhit ke CBAS MASS di bawah tanggal 15 (Dedup) | G81: 1. Berhasil akses menu CBAS MASS 2. Hasil screening data pada CBAS Digital untuk Verifikasi Administrasi sudah sesuai di bawah tanggal 15 (Dedup) | H81: =VLOOKUP(LEFT(B81,FIND("-",B81)-1),'MAPPING MD & SKENARIO'!$H$2:$I$42,2,FALSE) -> Affinia | I81: =VLOOKUP(H81,'MAPPING MD & SKENARIO'!$I$2:$J$42,2,FALSE) -> affinia.by@muf.co.id | J81: =VLOOKUP(D81,'MAPPING MD & SKENARIO'!B:D,3,FALSE) -> 1.95 | K81: =J81*50% -> 0.975 | L81: 1 | M81: =ROUNDUP(SUM(J81:L81),0) -> 4
... A87: 84 | B87: BYD006-19 | D87: Detail Application - Tracking Order | E87: Melakukan pengecekan informasi Order Digital pada Detail App | F87: 1. Akses menu Tracking Order 2. Klik button aksi dan klik lagi button Detail Application 3. Lakukan pengecekan informasi pada Tab Order Digital di Detail App-Tracking Order | G87: 1. Berhasil akses ke menu Tracking Order 2. Berhasil klik button aksi dan button detail application 3. Informasi pada Tab Order Digital sudah sesuai | H87: =VLOOKUP(LEFT(B87,FIND("-",B87)-1),'MAPPING MD & SKENARIO'!$H$2:$I$42,2,FALSE) -> Affinia | I87: =VLOOKUP(H87,'MAPPING MD & SKENARIO'!$I$2:$J$42,2,FALSE) -> affinia.by@muf.co.id | J87: =VLOOKUP(D87,'MAPPING MD & SKENARIO'!B:D,3,FALSE) -> 0.65 | K87: =J87*50% -> 0.325 | L87: 1 | M87: =ROUNDUP(SUM(J87:L87),0) -> 2
A88: 85 | B88: BYD007-01 | C88: BS007 | D88: Web View BSI OTO | E88: Melakukan pengajuan data kontrak melalui Web View BSI BYOND | F88: 1. Akses menu Web View BSI BYOND 2. Melakukan inputan data kendaraan 3. Melakukan inputan simulasi pembiayaan 4. Melakukan inputan verifikasi data 5. Konfirmasi pengajuan | G88: 1. Berhasil akses menu Web View BSI BYOND 2. Berhasil melakukan inputan data kendaraan 3. Berhasil melakukan inputan simulasi pembiayaan 4. Berhasil melakukan inputan data nasabah 5. Berhasil submit pengajuan dari Web View BSI BYOND | H88: =VLOOKUP(LEFT(B88,FIND("-",B88)-1),'MAPPING MD & SKENARIO'!$H$2:$I$42,2,FALSE) -> Kevin | I88: =VLOOKUP(H88,'MAPPING MD & SKENARIO'!$I$2:$J$42,2,FALSE) -> kevin.hardianus@muf.co.id | J88: =VLOOKUP(D88,'MAPPING MD & SKENARIO'!B:D,3,FALSE) -> 1.3 | K88: =J88*50% -> 0.65 | L88: 1 | M88: =ROUNDUP(SUM(J88:L88),0) -> 3
A89: 86 | B89: BYD007-02 | D89: CBAS Digital | E89: Melakukan proses verifikasi administrasi atas pengajuan yang dilakukan sebelumnya | F89: 1. Akses menu CBAS Digital 2. Lakukan pengecekan data yang sudah terhit ke CBAS Digital 3. Cek callback actcode Tracking BSI pada database (Excel Lampiran BSI BYOND - Tracking BSI) | G89: 1. Berhasil akses menu CBAS Digital 2. Hasil screening data pada CBAS Digital untuk Verifikasi Administrasi sudah sesuai 3. Callback actcode sudah sesuai | H89: =VLOOKUP(LEFT(B89,FIND("-",B89)-1),'MAPPING MD & SKENARIO'!$H$2:$I$42,2,FALSE) -> Kevin | I89: =VLOOKUP(H89,'MAPPING MD & SKENARIO'!$I$2:$J$42,2,FALSE) -> kevin.hardianus@muf.co.id | J89: =VLOOKUP(D89,'MAPPING MD & SKENARIO'!B:D,3,FALSE) -> 1.95 | K89: =J89*50% -> 0.975 | L89: 1 | M89: =ROUNDUP(SUM(J89:L89),0) -> 4
A90: 87 | B90: BYD007-03 | D90: Email Notifikasi Submit Order | E90: Pengecekan kiriman data dan format email submit order | F90: 1. Buka e-mail 2. Pastikan e-email terkirim 3. Lakukan pengecekan format dan data pada kiriman e-mail | G90: 1. Berhasil akses e-mail 2. E-mail berhasil masuk ke Inbox 3. Format dan data terlampir pada e-mail sudah sesuai | H90: =VLOOKUP(LEFT(B90,FIND("-",B90)-1),'MAPPING MD & SKENARIO'!$H$2:$I$42,2,FALSE) -> Kevin | I90: =VLOOKUP(H90,'MAPPING MD & SKENARIO'!$I$2:$J$42,2,FALSE) -> kevin.hardianus@muf.co.id | J90: =VLOOKUP(D90,'MAPPING MD & SKENARIO'!B:D,3,FALSE) -> 0.26 | K90: =J90*50% -> 0.13 | L90: 1 | M90: =ROUNDUP(SUM(J90:L90),0) -> 2
A91: 88 | B91: BYD007-04 | D91: Entry Form Digital | E91: Pengecekan dan lanjutan inputan data kontrak pada EFD MASS | F91: 1. Akses menu EFD 2. Proses lanjutan inputan data 3. Lakukan pengecekan pada mapping submit order data terkait autofill data, penambahan field baru dan penambahan label baru (Excel Lampiran BSI BYOND - Sheet Mapping Submit Order) 4. Konfirmasi EFD 5. Cek callback actcode tracking BSI dan tracking order MASS (Excel Lampiran BSI BYOND - Tracking BSI) | G91: 1. Berhasil akses EFD 2. Berhasil melanjutkan inputan data 3. Terkait autofill, penambahan field dan penambahan label di EFD sudah sesuai 4. Berhasil konfirmasi EFD 5. Callback tracking BSI dan tracking order MASS sesuai | H91: =VLOOKUP(LEFT(B91,FIND("-",B91)-1),'MAPPING MD & SKENARIO'!$H$2:$I$42,2,FALSE) -> Kevin | I91: =VLOOKUP(H91,'MAPPING MD & SKENARIO'!$I$2:$J$42,2,FALSE) -> kevin.hardianus@muf.co.id | J91: =VLOOKUP(D91,'MAPPING MD & SKENARIO'!B:D,3,FALSE) -> 1.3 | K91: =J91*50% -> 0.65 | L91: 1 | M91: =ROUNDUP(SUM(J91:L91),0) -> 3
A92: 89 | B92: BYD007-05 | D92: Data Entry - Screening 2 | E92: Pengecekan dan proses lanjutan inputan data kontrak pada SC2 | F92: 1. Akses menu To Do List SC2 2. Pengecekan penambahan informasi tipe order dan customer category pada tampilan data to do list sc2 3. Masuk ke form data entry SC2 4. Melakukan proses inputan data entry serta melakukan pengecekan mapping submit order data terkait autofill data, penambahan field baru dan penambahan label baru (Excel Lampiran BSI BYOND - Sheet Mapping Submit Order) 5. Input struktur kredit sesuai dengan matrix paket kredit (Excel Lampiran BSI BYOND - Sheet Matrix Paket Kredit Mobil Baru/Mobil Bekas/Motor Baru) 6. Konfirmasi data entry screening 2 7. Cek callback actcode tracking BSI dan tracking order MASS (Excel Lampiran BSI BYOND - Tracking BSI) | G92: 1. Berhasil masuk ke menu to do list SC2 2. Tambahan informasi pada tampilan to do list sudah sesuai 3. Berhasil masuk ke form data entry SC2 4. Berhasil menlanjutkan inputan dan autofill, penambahan field serta penambahan label sudah sesuai 5. Inputan struktur kredit sudah sesuai dengan matrix paket kredit 6. Berhasil konfirmasi 7. Callback tracking BSI dan tracking order MASS sesuai | H92: =VLOOKUP(LEFT(B92,FIND("-",B92)-1),'MAPPING MD & SKENARIO'!$H$2:$I$42,2,FALSE) -> Kevin | I92: =VLOOKUP(H92,'MAPPING MD & SKENARIO'!$I$2:$J$42,2,FALSE) -> kevin.hardianus@muf.co.id | J92: =VLOOKUP(D92,'MAPPING MD & SKENARIO'!B:D,3,FALSE) -> 2.6 | K92: =J92*50% -> 1.3 | L92: 1 | M92: =ROUNDUP(SUM(J92:L92),0) -> 5
A93: 90 | B93: BYD007-06 | D93: Reguler Survey | E93: Proses actcode terima offer dan lanjutan inputan data kontrak pada Reguler Survey | F93: 1. Akses menu Reguler Survey 2. Cek validasi ketika BSI BYOND belum accept offer 3. Lakukan proses accept offer 4. Akses form Reguler Survey 5. Klik button Detail Application pada Reguler Survey dan lakukan pengecekan informasi data pada Tab Order Digital 6. Lanjutan proses inputan data pada Reguler Survey 7. Konfirmasi Reguler Survey 8. Cek callback actcode tracking BSI dan tracking order MASS (Excel Lampiran BSI BYOND - Tracking BSI) | G93: 1. Berhasil masuk ke menu Reguler Survey 2. Validasi belum accept offer sudah sesuai 3. Berhasil proses accept offer 4. Berhasil masuk ke form Reguler Survey 5. Berhasil klik button Detail Application dan informasi pada Tab Order Digital sudah sesuai 6. Berhasil input Reguler Survey 7. Berhasil konfirmasi Reguler Survey 8. Callback tracking BSI dan tracking order MASS sesuai | H93: =VLOOKUP(LEFT(B93,FIND("-",B93)-1),'MAPPING MD & SKENARIO'!$H$2:$I$42,2,FALSE) -> Kevin | I93: =VLOOKUP(H93,'MAPPING MD & SKENARIO'!$I$2:$J$42,2,FALSE) -> kevin.hardianus@muf.co.id | J93: =VLOOKUP(D93,'MAPPING MD & SKENARIO'!B:D,3,FALSE) -> 1.3 | K93: =J93*50% -> 0.65 | L93: 1 | M93: =ROUNDUP(SUM(J93:L93),0) -> 3
A94: 91 | B94: BYD007-07 | D94: Credit Approval (CA) | E94: Pengecekan dan lanjutan proses data kontrak pada Credit Approval (CA) | F94: 1. Akses menu Credit Approval 2. Lakukan pengecekan informasi pada Tab Order Digital di CA 3. Lakukan proses approval sampai full approved 4. Cek callback actcode tracking BSI dan tracking order MASS (Excel Lampiran BSI BYOND - Tracking BSI) | G94: 1. Berhasil masuk ke menu CA 2. Informasi pada Tab Order Digital sudah sesuai 3. Data kontrak berhasil full approved 4. Callback tracking BSI dan tracking order MASS sesuai | H94: =VLOOKUP(LEFT(B94,FIND("-",B94)-1),'MAPPING MD & SKENARIO'!$H$2:$I$42,2,FALSE) -> Kevin | I94: =VLOOKUP(H94,'MAPPING MD & SKENARIO'!$I$2:$J$42,2,FALSE) -> kevin.hardianus@muf.co.id | J94: =VLOOKUP(D94,'MAPPING MD & SKENARIO'!B:D,3,FALSE) -> 2.6 | K94: =J94*50% -> 1.3 | L94: 1 | M94: =ROUNDUP(SUM(J94:L94),0) -> 5
A95: 92 | B95: BYD007-08 | D95: PO/CL | E95: Melakukan cetak PO | F95: 1. Akses menu PO 2. Lakukan proses cetak PO 3. Cek callback actcode tracking BSI dan tracking order MASS (Excel Lampiran BSI BYOND - Tracking BSI) | G95: 1. Berhasil masuk ke menu PO 2. Berhasil cetak PO 3. Callback tracking BSI dan tracking order MASS sesuai | H95: =VLOOKUP(LEFT(B95,FIND("-",B95)-1),'MAPPING MD & SKENARIO'!$H$2:$I$42,2,FALSE) -> Kevin | I95: =VLOOKUP(H95,'MAPPING MD & SKENARIO'!$I$2:$J$42,2,FALSE) -> kevin.hardianus@muf.co.id | J95: =VLOOKUP(D95,'MAPPING MD & SKENARIO'!B:D,3,FALSE) -> 0.65 | K95: =J95*50% -> 0.325 | L95: 1 | M95: =ROUNDUP(SUM(J95:L95),0) -> 2
A96: 93 | B96: BYD007-09 | D96: FDE | E96: Proses Full Data Entry (FDE) untuk data kontrak terkait | F96: 1. Akses menu FDE 2. Lakukan pengecekan informasi pada Tab Order Digital di FDE 3. Proses inputan pada FDE 4. Konfirmasi FDE 5. Cek callback actcode tracking BSI dan tracking order MASS (Excel Lampiran BSI BYOND - Tracking BSI) | G96: 1. Berhasil masuk ke menu FDE 2. Informasi pada Tab Order Digital sudah sesuai 3. Proses input FDE berhasil 4. Callback tracking BSI dan tracking order MASS sesuai | H96: =VLOOKUP(LEFT(B96,FIND("-",B96)-1),'MAPPING MD & SKENARIO'!$H$2:$I$42,2,FALSE) -> Kevin | I96: =VLOOKUP(H96,'MAPPING MD & SKENARIO'!$I$2:$J$42,2,FALSE) -> kevin.hardianus@muf.co.id | J96: =VLOOKUP(D96,'MAPPING MD & SKENARIO'!B:D,3,FALSE) -> 2.6 | K96: =J96*50% -> 1.3 | L96: 1 | M96: =ROUNDUP(SUM(J96:L96),0) -> 5
A97: 94 | B97: BYD007-10 | D97: Verifikasi Data-PPD | E97: Proses Verifikasi Data sampai dengan PPD untuk data kontrak terkait | F97: 1. Akses menu Verdat 2. Lakukan proses verdat sampai dengan PPD 3. Lakukan pengecekan informasi pada Tab Order Digital di Verdat 4. Konfirmasi proses Verdat 5. Save dan konfirmasi proses PPD 6. Cek callback actcode tracking BSI dan tracking order MASS (Excel Lampiran BSI BYOND - Tracking BSI) | G97: 1. Berhasil akses ke menu Verdat 2. Berhasil melakukan proses verdat sampai PPD 3. Informasi pada Tab Order Digital sudah sesuai 4. Berhasil konfirmasi proses verdat 5. Berhasil konfirmasi PPD 6. Callback tracking BSI dan tracking order MASS sesuai | H97: =VLOOKUP(LEFT(B97,FIND("-",B97)-1),'MAPPING MD & SKENARIO'!$H$2:$I$42,2,FALSE) -> Kevin | I97: =VLOOKUP(H97,'MAPPING MD & SKENARIO'!$I$2:$J$42,2,FALSE) -> kevin.hardianus@muf.co.id | J97: =VLOOKUP(D97,'MAPPING MD & SKENARIO'!B:D,3,FALSE) -> 1.95 | K97: =J97*50% -> 0.975 | L97: 1 | M97: =ROUNDUP(SUM(J97:L97),0) -> 4
A98: 95 | B98: BYD007-11 | D98: FPD | E98: Proses FPD untuk data kontrak terkait | F98: 1. Akses menu FPD 2. Lakukan proses FPD | G98: 1. Berhasil akses menu FPD 2. Berhasil konfirmasi FPD | H98: =VLOOKUP(LEFT(B98,FIND("-",B98)-1),'MAPPING MD & SKENARIO'!$H$2:$I$42,2,FALSE) -> Kevin | I98: =VLOOKUP(H98,'MAPPING MD & SKENARIO'!$I$2:$J$42,2,FALSE) -> kevin.hardianus@muf.co.id | J98: =VLOOKUP(D98,'MAPPING MD & SKENARIO'!B:D,3,FALSE) -> 0.65 | K98: =J98*50% -> 0.325 | L98: 1 | M98: =ROUNDUP(SUM(J98:L98),0) -> 2
A99: 96 | B99: BYD007-12 | D99: Detail Application - Tracking Order | E99: Melakukan pengecekan informasi Order Digital pada Detail App | F99: 1. Akses menu Tracking Order 2. Klik button aksi dan klik lagi button Detail Application 3. Lakukan pengecekan informasi pada Tab Order Digital di Detail App-Tracking Order | G99: 1. Berhasil akses ke menu Tracking Order 2. Berhasil klik button aksi dan button detail application 3. Informasi pada Tab Order Digital sudah sesuai | H99: =VLOOKUP(LEFT(B99,FIND("-",B99)-1),'MAPPING MD & SKENARIO'!$H$2:$I$42,2,FALSE) -> Kevin | I99: =VLOOKUP(H99,'MAPPING MD & SKENARIO'!$I$2:$J$42,2,FALSE) -> kevin.hardianus@muf.co.id | J99: =VLOOKUP(D99,'MAPPING MD & SKENARIO'!B:D,3,FALSE) -> 0.65 | K99: =J99*50% -> 0.325 | L99: 1 | M99: =ROUNDUP(SUM(J99:L99),0) -> 2
A100: 97 | B100: BYD008-01 | C100: BS008 | D100: Web View BSI OTO | E100: Melakukan pengajuan data kontrak melalui Web View BSI BYOND | F100: 1. Akses menu Web View BSI BYOND 2. Melakukan inputan data kendaraan 3. Melakukan inputan simulasi pembiayaan 4. Melakukan inputan verifikasi data 5. Konfirmasi pengajuan | G100: 1. Berhasil akses menu Web View BSI BYOND 2. Berhasil melakukan inputan data kendaraan 3. Berhasil melakukan inputan simulasi pembiayaan 4. Berhasil melakukan inputan data nasabah 5. Berhasil submit pengajuan dari Web View BSI BYOND | H100: =VLOOKUP(LEFT(B100,FIND("-",B100)-1),'MAPPING MD & SKENARIO'!$H$2:$I$42,2,FALSE) -> Rasya | I100: =VLOOKUP(H100,'MAPPING MD & SKENARIO'!$I$2:$J$42,2,FALSE) -> rasya.raharjo@muf.co.id | J100: =VLOOKUP(D100,'MAPPING MD & SKENARIO'!B:D,3,FALSE) -> 1.3 | K100: =J100*50% -> 0.65 | L100: 1 | M100: =ROUNDUP(SUM(J100:L100),0) -> 3
A101: 98 | B101: BYD008-02 | D101: CBAS Digital | E101: Melakukan proses verifikasi administrasi atas pengajuan yang dilakukan sebelumnya | F101: 1. Akses menu CBAS Digital 2. Lakukan pengecekan data yang sudah terhit ke CBAS Digital 3. Cek callback actcode Tracking BSI pada database (Excel Lampiran BSI BYOND - Tracking BSI) | G101: 1. Berhasil akses menu CBAS Digital 2. Hasil screening data pada CBAS Digital untuk Verifikasi Administrasi sudah sesuai 3. Callback actcode sudah sesuai | H101: =VLOOKUP(LEFT(B101,FIND("-",B101)-1),'MAPPING MD & SKENARIO'!$H$2:$I$42,2,FALSE) -> Rasya | I101: =VLOOKUP(H101,'MAPPING MD & SKENARIO'!$I$2:$J$42,2,FALSE) -> rasya.raharjo@muf.co.id | J101: =VLOOKUP(D101,'MAPPING MD & SKENARIO'!B:D,3,FALSE) -> 1.95 | K101: =J101*50% -> 0.975 | L101: 1 | M101: =ROUNDUP(SUM(J101:L101),0) -> 4
A102: 99 | B102: BYD008-03 | D102: Email Notifikasi Submit Order | E102: Pengecekan kiriman data dan format email submit order | F102: 1. Buka e-mail 2. Pastikan e-email terkirim 3. Lakukan pengecekan format dan data pada kiriman e-mail | G102: 1. Berhasil akses e-mail 2. E-mail berhasil masuk ke Inbox 3. Format dan data terlampir pada e-mail sudah sesuai | H102: =VLOOKUP(LEFT(B102,FIND("-",B102)-1),'MAPPING MD & SKENARIO'!$H$2:$I$42,2,FALSE) -> Rasya | I102: =VLOOKUP(H102,'MAPPING MD & SKENARIO'!$I$2:$J$42,2,FALSE) -> rasya.raharjo@muf.co.id | J102: =VLOOKUP(D102,'MAPPING MD & SKENARIO'!B:D,3,FALSE) -> 0.26 | K102: =J102*50% -> 0.13 | L102: 1 | M102: =ROUNDUP(SUM(J102:L102),0) -> 2
A103: 100 | B103: BYD008-04 | D103: Entry Form Digital | E103: Pengecekan dan lanjutkan inputan data kontrak pada EFD MASS | F103: 1. Akses menu EFD 2. Proses lanjutkan inputan data 3. Lakukan pengecekan pada mapping submit order data terkait autofill data, penambahan field baru dan penambahan label baru (Excel Lampiran BSI BYOND - Sheet Mapping Submit Order) 4. Konfirmasi EFD 5. Cek callback actcode tracking BSI dan tracking order MASS (Excel Lampiran BSI BYOND - Tracking BSI) | G103: 1. Berhasil akses EFD 2. Berhasil melanjutkan inputan data 3. Terkait autofill, penambahan field dan penambahan label di EFD sudah sesuai 4. Berhasil konfirmasi EFD 5. Callback tracking BSI dan tracking order MASS sesuai | H103: =VLOOKUP(LEFT(B103,FIND("-",B103)-1),'MAPPING MD & SKENARIO'!$H$2:$I$42,2,FALSE) -> Rasya | I103: =VLOOKUP(H103,'MAPPING MD & SKENARIO'!$I$2:$J$42,2,FALSE) -> rasya.raharjo@muf.co.id | J103: =VLOOKUP(D103,'MAPPING MD & SKENARIO'!B:D,3,FALSE) -> 1.3 | K103: =J103*50% -> 0.65 | L103: 1 | M103: =ROUNDUP(SUM(J103:L103),0) -> 3
A104: 101 | B104: BYD008-05 | D104: Data Entry - Screening 2 | E104: Pengecekan dan proses lanjutkan inputan data kontrak pada SC2 | F104: 1. Akses menu To Do List SC2 2. Pengecekan penambahan informasi tipe order dan customer category pada tampilan data to do list sc2 3. Masuk ke form data entry SC2 4. Melakukan proses inputan data entry serta melakukan pengecekan mapping submit order data terkait autofill data, penambahan field baru dan penambahan label baru (Excel Lampiran BSI BYOND - Sheet Mapping Submit Order) 5. Input struktur kredit sesuai dengan matrix paket kredit (Excel Lampiran BSI BYOND - Sheet Matrix Paket Kredit Mobil Baru/Mobil Bekas/Motor Baru) 6. Konfirmasi data entry screening 2 7. Cek callback actcode tracking BSI dan tracking order MASS (Excel Lampiran BSI BYOND - Tracking BSI) | G104: 1. Berhasil masuk ke menu to do list SC2 2. Tambahan informasi pada tampilan to do list sudah sesuai 3. Berhasil masuk ke form data entry SC2 4. Berhasil menlanjutkan inputan dan autofill, penambahan field serta penambahan label sudah sesuai 5. Inputan struktur kredit sudah sesuai dengan matrix paket kredit 6. Berhasil konfirmasi 7. Callback tracking BSI dan tracking order MASS sesuai | H104: =VLOOKUP(LEFT(B104,FIND("-",B104)-1),'MAPPING MD & SKENARIO'!$H$2:$I$42,2,FALSE) -> Rasya | I104: =VLOOKUP(H104,'MAPPING MD & SKENARIO'!$I$2:$J$42,2,FALSE) -> rasya.raharjo@muf.co.id | J104: =VLOOKUP(D104,'MAPPING MD & SKENARIO'!B:D,3,FALSE) -> 2.6 | K104: =J104*50% -> 1.3 | L104: 1 | M104: =ROUNDUP(SUM(J104:L104),0) -> 5
A105: 102 | B105: BYD008-06 | D105: Tele Survey | E105: Proses actcode terima offer dan lanjutkan inputan data kontrak pada Tele Survey | F105: 1. Akses menu Tele Survey 2. Cek validasi ketika BSI BYOND belum accept offer 3. Lakukan proses accept offer 4. Akses form Tele Survey 5. Klik button Detail Application pada Tele Survey dan lakukan pengecekan informasi data pada Tab Order Digital 6. Lanjutkan proses inputan data pada Tele Survey 7. Konfirmasi Tele Survey 8. Cek callback actcode tracking BSI dan tracking order MASS (Excel Lampiran BSI BYOND - Tracking BSI) | G105: 1. Berhasil masuk ke menu Tele Survey 2. Validasi belum accept offer sudah sesuai 3. Berhasil proses accept offer 4. Berhasil masuk ke form Tele Survey 5. Berhasil klik button Detail Application dan informasi pada Tab Order Digital sudah sesuai 6. Berhasil input Tele Survey 7. Berhasil konfirmasi Tele Survey 8. Callback tracking BSI dan tracking order MASS sesuai | H105: =VLOOKUP(LEFT(B105,FIND("-",B105)-1),'MAPPING MD & SKENARIO'!$H$2:$I$42,2,FALSE) -> Rasya | I105: =VLOOKUP(H105,'MAPPING MD & SKENARIO'!$I$2:$J$42,2,FALSE) -> rasya.raharjo@muf.co.id | J105: =VLOOKUP(D105,'MAPPING MD & SKENARIO'!B:D,3,FALSE) -> 1.3 | K105: =J105*50% -> 0.65 | L105: 1 | M105: =ROUNDUP(SUM(J105:L105),0) -> 3
A106: 103 | B106: BYD008-07 | D106: KYC | E106: Proses inputan data pada KYC | F106: 1. Akses menu KYC 2. Klik button Detail Application pada KYC dan lakukan pengecekan informasi data pada Tab Order Digital 3. Lanjutkan proses inputan data pada KYC 4. Konfirmasi KYC 5. Cek callback actcode tracking BSI dan tracking order MASS (Excel Lampiran BSI BYOND - Tracking BSI) | G106: 1. Berhasil masuk ke menu KYC 2. Berhasil klik button Detail Application dan informasi pada Tab Order Digital sudah sesuai 3. Berhasil input KYC 4. Berhasil konfirmasi KYC 5. Callback tracking BSI dan tracking order MASS sesuai | H106: =VLOOKUP(LEFT(B106,FIND("-",B106)-1),'MAPPING MD & SKENARIO'!$H$2:$I$42,2,FALSE) -> Rasya | I106: =VLOOKUP(H106,'MAPPING MD & SKENARIO'!$I$2:$J$42,2,FALSE) -> rasya.raharjo@muf.co.id | J106: =VLOOKUP(D106,'MAPPING MD & SKENARIO'!B:D,3,FALSE) -> 1.3 | K106: =J106*50% -> 0.65 | L106: 1 | M106: =ROUNDUP(SUM(J106:L106),0) -> 3
A107: 104 | B107: BYD008-08 | D107: PO/CL | E107: Melakukan cetak PO | F107: 1. Akses menu PO 2. Lakukan proses cetak PO 3. Cek callback actcode tracking BSI dan tracking order MASS (Excel Lampiran BSI BYOND - Tracking BSI) | G107: 1. Berhasil masuk ke menu PO 2. Berhasil cetak PO 3. Callback tracking BSI dan tracking order MASS sesuai | H107: =VLOOKUP(LEFT(B107,FIND("-",B107)-1),'MAPPING MD & SKENARIO'!$H$2:$I$42,2,FALSE) -> Rasya | I107: =VLOOKUP(H107,'MAPPING MD & SKENARIO'!$I$2:$J$42,2,FALSE) -> rasya.raharjo@muf.co.id | J107: =VLOOKUP(D107,'MAPPING MD & SKENARIO'!B:D,3,FALSE) -> 0.65 | K107: =J107*50% -> 0.325 | L107: 1 | M107: =ROUNDUP(SUM(J107:L107),0) -> 2
A108: 105 | B108: BYD008-09 | D108: FDE | E108: Proses Full Data Entry (FDE) untuk data kontrak terkait | F108: 1. Akses menu FDE 2. Lakukan pengecekan informasi pada Tab Order Digital di FDE 3. Proses inputan pada FDE 4. Konfirmasi FDE 5. Cek callback actcode tracking BSI dan tracking order MASS (Excel Lampiran BSI BYOND - Tracking BSI) | G108: 1. Berhasil masuk ke menu FDE 2. Informasi pada Tab Order Digital sudah sesuai 3. Proses input FDE berhasil 4. Callback tracking BSI dan tracking order MASS sesuai | H108: =VLOOKUP(LEFT(B108,FIND("-",B108)-1),'MAPPING MD & SKENARIO'!$H$2:$I$42,2,FALSE) -> Rasya | I108: =VLOOKUP(H108,'MAPPING MD & SKENARIO'!$I$2:$J$42,2,FALSE) -> rasya.raharjo@muf.co.id | J108: =VLOOKUP(D108,'MAPPING MD & SKENARIO'!B:D,3,FALSE) -> 2.6 | K108: =J108*50% -> 1.3 | L108: 1 | M108: =ROUNDUP(SUM(J108:L108),0) -> 5
...

Sheet DASHBOARD PROGRESS
A1: No | B1: Scenario ID | C1: Total Task | D1: Task Done | E1: Status | F1: PIC | G1: Notes
A2: ='TEST CASES'!A4 -> 1 | B2: ='TEST CASES'!B4 -> BYD001-01 | C2: =IF('TEST CASES'!F4="", 0, LEN(TRIM('TEST CASES'!F4))-LEN(SUBSTITUTE('TEST CASES'!F4, CHAR(10), ""))+1) -> 5 | E2: =IF(D2=0,"Open",IF(D2=C2,"Done","InProgress")) -> Open | F2: ='TEST CASES'!H4 -> Azhar
A3: ='TEST CASES'!A5 -> 2 | B3: ='TEST CASES'!B5 -> BYD001-02 | C3: =IF('TEST CASES'!F5="", 0, LEN(TRIM('TEST CASES'!F5))-LEN(SUBSTITUTE('TEST CASES'!F5, CHAR(10), ""))+1) -> 4 | E3: =IF(D3=0,"Open",IF(D3=C3,"Done","InProgress")) -> Open | F3: ='TEST CASES'!H5 -> Azhar
A4: ='TEST CASES'!A6 -> 3 | B4: ='TEST CASES'!B6 -> BYD001-03 | C4: =IF('TEST CASES'!F6="", 0, LEN(TRIM('TEST CASES'!F6))-LEN(SUBSTITUTE('TEST CASES'!F6, CHAR(10), ""))+1) -> 3 | E4: =IF(D4=0,"Open",IF(D4=C4,"Done","InProgress")) -> Open | F4: ='TEST CASES'!H6 -> Azhar
A5: ='TEST CASES'!A7 -> 4 | B5: ='TEST CASES'!B7 -> BYD001-04 | C5: =IF('TEST CASES'!F7="", 0, LEN(TRIM('TEST CASES'!F7))-LEN(SUBSTITUTE('TEST CASES'!F7, CHAR(10), ""))+1) -> 7 | E5: =IF(D5=0,"Open",IF(D5=C5,"Done","InProgress")) -> Open | F5: ='TEST CASES'!H7 -> Azhar
A6: ='TEST CASES'!A8 -> 5 | B6: ='TEST CASES'!B8 -> BYD001-05 | C6: =IF('TEST CASES'!F8="", 0, LEN(TRIM('TEST CASES'!F8))-LEN(SUBSTITUTE('TEST CASES'!F8, CHAR(10), ""))+1) -> 10 | E6: =IF(D6=0,"Open",IF(D6=C6,"Done","InProgress")) -> Open | F6: ='TEST CASES'!H8 -> Azhar
A7: ='TEST CASES'!A9 -> 6 | B7: ='TEST CASES'!B9 -> BYD001-06 | C7: =IF('TEST CASES'!F9="", 0, LEN(TRIM('TEST CASES'!F9))-LEN(SUBSTITUTE('TEST CASES'!F9, CHAR(10), ""))+1) -> 9 | E7: =IF(D7=0,"Open",IF(D7=C7,"Done","InProgress")) -> Open | F7: ='TEST CASES'!H9 -> Azhar
A8: ='TEST CASES'!A10 -> 7 | B8: ='TEST CASES'!B10 -> BYD001-07 | C8: =IF('TEST CASES'!F10="", 0, LEN(TRIM('TEST CASES'!F10))-LEN(SUBSTITUTE('TEST CASES'!F10, CHAR(10), ""))+1) -> 5 | E8: =IF(D8=0,"Open",IF(D8=C8,"Done","InProgress")) -> Open | F8: ='TEST CASES'!H10 -> Azhar
A9: ='TEST CASES'!A11 -> 8 | B9: ='TEST CASES'!B11 -> BYD001-08 | C9: =IF('TEST CASES'!F11="", 0, LEN(TRIM('TEST CASES'!F11))-LEN(SUBSTITUTE('TEST CASES'!F11, CHAR(10), ""))+1) -> 4 | E9: =IF(D9=0,"Open",IF(D9=C9,"Done","InProgress")) -> Open | F9: ='TEST CASES'!H11 -> Azhar
A10: ='TEST CASES'!A12 -> 9 | B10: ='TEST CASES'!B12 -> BYD001-09 | C10: =IF('TEST CASES'!F12="", 0, LEN(TRIM('TEST CASES'!F12))-LEN(SUBSTITUTE('TEST CASES'!F12, CHAR(10), ""))+1) -> 6 | E10: =IF(D10=0,"Open",IF(D10=C10,"Done","InProgress")) -> Open | F10: ='TEST CASES'!H12 -> Azhar
A11: ='TEST CASES'!A13 -> 10 | B11: ='TEST CASES'!B13 -> BYD001-10 | C11: =IF('TEST CASES'!F13="", 0, LEN(TRIM('TEST CASES'!F13))-LEN(SUBSTITUTE('TEST CASES'!F13, CHAR(10), ""))+1) -> 7 | E11: =IF(D11=0,"Open",IF(D11=C11,"Done","InProgress")) -> Open | F11: ='TEST CASES'!H13 -> Azhar
A12: ='TEST CASES'!A14 -> 11 | B12: ='TEST CASES'!B14 -> BYD001-11 | C12: =IF('TEST CASES'!F14="", 0, LEN(TRIM('TEST CASES'!F14))-LEN(SUBSTITUTE('TEST CASES'!F14, CHAR(10), ""))+1) -> 2 | E12: =IF(D12=0,"Open",IF(D12=C12,"Done","InProgress")) -> Open | F12: ='TEST CASES'!H14 -> Azhar
A13: ='TEST CASES'!A15 -> 12 | B13: ='TEST CASES'!B15 -> BYD001-12 | C13: =IF('TEST CASES'!F15="", 0, LEN(TRIM('TEST CASES'!F15))-LEN(SUBSTITUTE('TEST CASES'!F15, CHAR(10), ""))+1) -> 3 | E13: =IF(D13=0,"Open",IF(D13=C13,"Done","InProgress")) -> Open | F13: ='TEST CASES'!H15 -> Azhar
... A316: ='TEST CASES'!A318 -> 348 | B316: ='TEST CASES'!B318 -> BYD041-03 | C316: =IF('TEST CASES'!F318="", 0, LEN(TRIM('TEST CASES'!F318))-LEN(SUBSTITUTE('TEST CASES'!F318, CHAR(10), ""))+1) -> 2 | E316: =IF(D316=0,"Open",IF(D316=C316,"Done","InProgress")) -> Open | F316: ='TEST CASES'!H318 -> Rasya

Sheet DEFECT LOG
A1: No | B1: Kode Skenario | C1: Aplikasi/Modul | D1: Keterangan Issue | E1: Rootcause | F1: Category Issue | G1: Severity | H1: Link Jira | I1: PIC UAT | J1: PIC OPR | K1: PIC Dev | L1: Issue Start | M1: Issue Solved | N1: Status | O1: Ready To Testing (Y/N) | P1: Tgl Retest | Q1: Hasil Retest | R1: Keterangan
A46: 45
A47: 46
A48: 47
A49: 48
A50: 49
A51: 50
A52: 51
A53: 52
A54: 53
A55: 54
A56: 55
A57: 56
... A102: 100

Sheet PANDUAN
A1: Panduan Penggunaan Template RTM
A2: Tujuan: RTM menautkan setiap requirement ke test scenario/test case, hasil uji, dan defect sehingga cakupan pengujian dapat dipastikan dan audit trail terjaga.
A3: Langkah pemakaian:
A4: 1) Isi kolom Req ID, Deskripsi, Tipe, Prioritas, Sumber, Versi, dan Owner.
A5: 2) Mapping ke artefak: Modul/Komponen dan Link ke Dokumen Desain (FS/TS).
A6: 3) Buat/isi Test Scenario ID dan Test Case ID; cantumkan Referensi Data Uji.
A7: 4) Tentukan Siklus Uji (SIT/UAT) dan update Status Pengujian setiap eksekusi.
A8: 5) Jika ada kegagalan, isi Defect ID, Severity, Status Defect, dan catatan hasil uji.
A9: 6) Update Coverage Status (Covered/Partial/Gap) untuk memantau kekosongan cakupan.
A10: 7) Untuk NFR, isi Jenis NFR (mis. Performance/Security) dan Target MetriK (mis. p95 ≤ 2s).
A11: 8) Update Tanggal dan PIC Update setiap perubahan; catat Baseline/Change Log bila ada CR.
A12: Tips:
... A16: Dashboard terisi otomatis berdasarkan data di RTM (baris 2–1000).

Sheet LOOKUP
A1: Tipe Requirement | B1: Prioritas | C1: Sumber | D1: Siklus Uji | E1: Status Pengujian | F1: Severity Defect | G1: Status Defect | H1: Coverage Status | I1: Jenis NFR
A2: BR - Bisnis | B2: Must have | C2: BRD | D2: SIT1 | E2: Not Run | F2: Critical | G2: Open | H2: Covered | I2: Performance
A3: FR - Fungsional | B3: Should have | C3: FRD | D3: SIT2 | E3: Pass | F3: High | G3: In Progress | H3: Partial | I3: Security
A4: NFR - Non-Fungsional | B4: Could have | C4: CR | D4: SIT3 | E4: Fail | F4: Medium | G4: Fixed | H4: Gap | I4: Reliability
A5: Regulatory/Compliance | B5: Won't have | C5: Regulasi | D5: UAT1 | E5: Blocked | F5: Low | G5: Verified | I5: Availability
A6: Lainnya | B6: High | C6: RFC | D6: UAT2 | F6: Trivial | G6: Closed | I6: Maintainability
B7: Medium | C7: User Story | D7: Regression | G7: Deferred | I7: Compatibility
B8: Low | C8: Epic | D8: Smoke | G8: Rejected | I8: Usability
G9: Duplicate | I9: Scalability
I10: Compliance

Sheet RTM
A1: Req ID | B1: Deskripsi Requirement | C1: Tipe Requirement | D1: Prioritas | E1: Sumber | F1: Versi Requirement | G1: Owner Requirement | H1: Modul/Komponen | I1: Link ke Dokumen Desain (FS/TS) | J1: Test Scenario ID | K1: Test Case ID | L1: Referensi Data Uji | M1: Siklus Uji | N1: Status Pengujian | O1: Catatan Hasil Uji | P1: Defect ID | Q1: Severity Defect | R1: Status Defect | S1: Coverage Status | T1: Tanggal Update | U1: PIC Update | V1: Baseline/Change Log | W1: Risiko/Impact | X1: Jenis NFR | Y1: Target NFR/MetriK
A2: REQ001 | B2: =#REF! -> #REF! | C2: FR - Fungsional | D2: Must have | E2: BRD | F2: v1.0 | H2: =#REF! -> #REF! | J2: =#REF! -> #REF! | M2: UAT1 | N2: Not Run | U2: =#REF! -> #REF!
A3: REQ002 | B3: =#REF! -> #REF! | C3: FR - Fungsional | D3: Must have | E3: BRD | F3: v1.0 | H3: =#REF! -> #REF! | J3: =#REF! -> #REF! | M3: UAT1 | N3: Not Run | U3: =#REF! -> #REF!
A4: REQ003 | B4: =#REF! -> #REF! | C4: FR - Fungsional | D4: Must have | E4: BRD | F4: v1.0 | H4: =#REF! -> #REF! | J4: =#REF! -> #REF! | M4: UAT1 | N4: Not Run | U4: =#REF! -> #REF!
A5: REQ004 | B5: =#REF! -> #REF! | C5: FR - Fungsional | D5: Must have | E5: BRD | F5: v1.0 | H5: =#REF! -> #REF! | J5: =#REF! -> #REF! | M5: UAT1 | N5: Not Run | U5: =#REF! -> #REF!
A6: REQ005 | B6: =#REF! -> #REF! | C6: FR - Fungsional | D6: Must have | E6: BRD | F6: v1.0 | H6: =#REF! -> #REF! | J6: =#REF! -> #REF! | M6: UAT1 | N6: Not Run | U6: =#REF! -> #REF!
A7: REQ006 | B7: =#REF! -> #REF! | C7: FR - Fungsional | D7: Must have | E7: BRD | F7: v1.0 | H7: =#REF! -> #REF! | J7: =#REF! -> #REF! | M7: UAT1 | N7: Not Run | U7: =#REF! -> #REF!
A8: REQ007 | B8: =#REF! -> #REF! | C8: FR - Fungsional | D8: Must have | E8: BRD | F8: v1.0 | H8: =#REF! -> #REF! | J8: =#REF! -> #REF! | M8: UAT1 | N8: Not Run | U8: =#REF! -> #REF!
A9: REQ008 | B9: =#REF! -> #REF! | C9: FR - Fungsional | D9: Must have | E9: BRD | F9: v1.0 | H9: =#REF! -> #REF! | J9: =#REF! -> #REF! | M9: UAT1 | N9: Not Run | U9: =#REF! -> #REF!
A10: REQ009 | B10: =#REF! -> #REF! | C10: FR - Fungsional | D10: Must have | E10: BRD | F10: v1.0 | H10: =#REF! -> #REF! | J10: =#REF! -> #REF! | M10: UAT1 | N10: Not Run | U10: =#REF! -> #REF!
A11: REQ010 | B11: =#REF! -> #REF! | C11: FR - Fungsional | D11: Must have | E11: BRD | F11: v1.0 | H11: =#REF! -> #REF! | J11: =#REF! -> #REF! | M11: UAT1 | N11: Not Run | U11: =#REF! -> #REF!
A12: REQ011 | B12: =#REF! -> #REF! | C12: FR - Fungsional | D12: Must have | E12: BRD | F12: v1.0 | H12: =#REF! -> #REF! | J12: =#REF! -> #REF! | M12: UAT1 | N12: Not Run | U12: =#REF! -> #REF!
A13: REQ012 | B13: =#REF! -> #REF! | C13: FR - Fungsional | D13: Must have | E13: BRD | F13: v1.0 | H13: =#REF! -> #REF! | J13: =#REF! -> #REF! | M13: UAT1 | N13: Not Run | U13: =#REF! -> #REF!
... A123: REQ122 | B123: =#REF! -> #REF! | C123: FR - Fungsional | D123: Must have | E123: BRD | F123: v1.0 | H123: =#REF! -> #REF! | J123: =#REF! -> #REF! | M123: UAT1 | N123: Not Run | U123: =#REF! -> #REF!
A124: REQ123 | C124: FR - Fungsional | D124: Must have | E124: BRD | F124: v1.0 | H124: =#REF! -> #REF! | J124: =#REF! -> #REF! | M124: UAT1 | N124: Not Run | U124: =#REF! -> #REF!
A125: REQ124 | C125: FR - Fungsional | D125: Must have | E125: BRD | F125: v1.0 | H125: =#REF! -> #REF! | J125: =#REF! -> #REF! | M125: UAT1 | N125: Not Run | U125: =#REF! -> #REF!
A126: REQ125 | C126: FR - Fungsional | D126: Must have | E126: BRD | F126: v1.0 | H126: =#REF! -> #REF! | J126: =#REF! -> #REF! | M126: UAT1 | N126: Not Run | U126: =#REF! -> #REF!
A127: REQ126 | C127: FR - Fungsional | D127: Must have | E127: BRD | F127: v1.0 | H127: =#REF! -> #REF! | J127: =#REF! -> #REF! | M127: UAT1 | N127: Not Run | U127: =#REF! -> #REF!
A128: REQ127 | C128: FR - Fungsional | D128: Must have | E128: BRD | F128: v1.0 | H128: =#REF! -> #REF! | J128: =#REF! -> #REF! | M128: UAT1 | N128: Not Run | U128: =#REF! -> #REF!
A129: REQ128 | C129: FR - Fungsional | D129: Must have | E129: BRD | F129: v1.0 | H129: =#REF! -> #REF! | J129: =#REF! -> #REF! | M129: UAT1 | N129: Not Run | U129: =#REF! -> #REF!
A130: REQ129 | C130: FR - Fungsional | D130: Must have | E130: BRD | F130: v1.0 | H130: =#REF! -> #REF! | J130: =#REF! -> #REF! | M130: UAT1 | N130: Not Run | U130: =#REF! -> #REF!
A131: REQ130 | C131: FR - Fungsional | D131: Must have | E131: BRD | F131: v1.0 | H131: =#REF! -> #REF! | J131: =#REF! -> #REF! | M131: UAT1 | N131: Not Run | U131: =#REF! -> #REF!
A132: REQ131 | C132: FR - Fungsional | D132: Must have | E132: BRD | F132: v1.0 | H132: =#REF! -> #REF! | J132: =#REF! -> #REF! | M132: UAT1 | N132: Not Run | U132: =#REF! -> #REF!
A133: REQ132 | C133: FR - Fungsional | D133: Must have | E133: BRD | F133: v1.0 | H133: =#REF! -> #REF! | J133: =#REF! -> #REF! | M133: UAT1 | N133: Not Run | U133: =#REF! -> #REF!
A134: REQ133 | C134: FR - Fungsional | D134: Must have | E134: BRD | F134: v1.0 | H134: =#REF! -> #REF! | J134: =#REF! -> #REF! | M134: UAT1 | N134: Not Run | U134: =#REF! -> #REF!
A135: REQ134 | C135: FR - Fungsional | D135: Must have | E135: BRD | F135: v1.0 | H135: =#REF! -> #REF! | J135: =#REF! -> #REF! | M135: UAT1 | N135: Not Run | U135: =#REF! -> #REF!
A136: REQ135 | C136: FR - Fungsional | D136: Must have | E136: BRD | F136: v1.0 | H136: =#REF! -> #REF! | J136: =#REF! -> #REF! | M136: UAT1 | N136: Not Run | U136: =#REF! -> #REF!

Sheet DASHBOARD
A1: Dashboard RTM - Otomatis
A3: Total Requirement | B3: Ter-mapping ke Test Case | C3: Mapping Coverage % | D3: Pass Rate % (Executed) | E3: Defect Open Critical/High | F3: Requirement tanpa Test Case
A4: =COUNTIF(RTM!$A$2:$A$995,"<>") -> 135 | B4: =COUNTIFS(RTM!$A$2:$A$995,"<>",RTM!$K$2:$K$995,"<>") -> 0 | C4: =IFERROR(B4/A4,0) -> 0 | D4: =IFERROR(D5/(D5+D6+D7),0) -> 0 | E4: =COUNTIFS(RTM!$P$2:$P$995,"<>",RTM!$Q$2:$Q$995,"Critical",RTM!$R$2:$R$995,"Open")+COUNTIFS(RTM!$P$2:$P$995,"<>",RTM!$Q$2:$Q$995,"Critical",RTM!$R$2:$R$995,"In Progress")+COUNTIFS(RTM!$P$2:$P$995,"<>",RTM!$Q$2:$Q$995,"High",RTM!$R$2:$R$995,"Open")+COUNTIFS(RTM!$P$2:$P$995,"<>",RTM!$Q$2:$Q$995,"High",RTM!$R$2:$R$995,"In Progress") -> 0 | F4: =COUNTIFS(RTM!$A$2:$A$995,"<>",RTM!$K$2:$K$995,"") -> 135
D5: =COUNTIFS(RTM!$A$2:$A$995,"<>",RTM!$N$2:$N$995,"Pass") -> 0
D6: =COUNTIFS(RTM!$A$2:$A$995,"<>",RTM!$N$2:$N$995,"Fail") -> 0
D7: =COUNTIFS(RTM!$A$2:$A$995,"<>",RTM!$N$2:$N$995,"Blocked") -> 0
A10: Ringkasan Coverage
A11: Status | B11: Jumlah
A12: Covered | B12: =COUNTIFS(RTM!$A$2:$A$995,"<>",RTM!$S$2:$S$995,"Covered") -> 0
A13: Partial | B13: =COUNTIFS(RTM!$A$2:$A$995,"<>",RTM!$S$2:$S$995,"Partial") -> 0
A14: Gap | B14: =COUNTIFS(RTM!$A$2:$A$995,"<>",RTM!$S$2:$S$995,"Gap") -> 0
A29: Ringkasan Status Pengujian
A30: Status | B30: Jumlah
A31: Pass | B31: =COUNTIFS(RTM!$A$2:$A$995,"<>",RTM!$N$2:$N$995,"Pass") -> 0
A32: Fail | B32: =COUNTIFS(RTM!$A$2:$A$995,"<>",RTM!$N$2:$N$995,"Fail") -> 0
A33: Blocked | B33: =COUNTIFS(RTM!$A$2:$A$995,"<>",RTM!$N$2:$N$995,"Blocked") -> 0
A34: Not Run | B34: =COUNTIFS(RTM!$A$2:$A$995,"<>",RTM!$N$2:$N$995,"Not Run") -> 135
A49: Defect berdasarkan Severity
A50: Severity | B50: Jumlah
A51: Critical | B51: =COUNTIFS(RTM!$P$2:$P$995,"<>",RTM!$Q$2:$Q$995,"Critical") -> 0
A52: High | B52: =COUNTIFS(RTM!$P$2:$P$995,"<>",RTM!$Q$2:$Q$995,"High") -> 0
A53: Medium | B53: =COUNTIFS(RTM!$P$2:$P$995,"<>",RTM!$Q$2:$Q$995,"Medium") -> 0
A54: Low | B54: =COUNTIFS(RTM!$P$2:$P$995,"<>",RTM!$Q$2:$Q$995,"Low") -> 0
A55: Trivial | B55: =COUNTIFS(RTM!$P$2:$P$995,"<>",RTM!$Q$2:$Q$995,"Trivial") -> 0
A57: Catatan: Semua metrik menggunakan rentang RTM baris 2–1000. Ubah jika diperlukan.
A69: KPI Gating SIT
A70: Kriteria | B70: Target | C70: Nilai Saat Ini | D70: Status
A71: Coverage ter-mapping ke Test Case | B71: >= 100% | C71: =C4 -> 0 | D71: =IF(C4>=1,"OK","Belum OK") -> Belum OK
A72: Pass Rate (executed) | B72: >= 95% | C72: =D4 -> 0 | D72: =IF(D4>=0.95,"OK","Belum OK") -> Belum OK
A73: Critical/High defect OPEN/IN PROGRESS | B73: =0 -> 0 | C73: =E4 -> 0 | D73: =IF(E4=0,"OK","Belum OK") -> OK
A74: Requirement tanpa Test Case | B74: =0 -> 0 | C74: =F4 -> 135 | D74: =IF(F4=0,"OK","Belum OK") -> Belum OK
A75: Keputusan SIT Exit | B75: Semua kriteria = OK | D75: =IF(COUNTIF(D71:D74,"OK")=ROWS(D71:D74),"GO","NO-GO") -> NO-GO
A78: KPI Gating UAT
A79: Kriteria | B79: Target | C79: Nilai Saat Ini | D79: Status
A80: Pass Rate (executed) | B80: >= 97% | C80: =D4 -> 0 | D80: =IF(D4>=0.97,"OK","Belum OK") -> Belum OK
A81: Critical/High defect OPEN/IN PROGRESS | B81: =0 -> 0 | C81: =E4 -> 0 | D81: =IF(E4=0,"OK","Belum OK") -> OK
A82: Test case BLOCKED | B82: =0 -> 0 | C82: =D7 -> 0 | D82: =IF(D7=0,"OK","Belum OK") -> OK
A83: Business sign-off | B83: =Ya -> #NAME? | D83: =IF(C83="Ya","OK","Belum OK") -> Belum OK
A84: NFR utama terpenuhi | B84: =Ya -> #NAME? | D84: =IF(C84="Ya","OK","Belum OK") -> Belum OK
A85: Keputusan UAT Exit | B85: Semua kriteria = OK | D85: =IF(COUNTIF(D80:D84,"OK")=ROWS(D80:D84),"GO","NO-GO") -> NO-GO
